generation,member,_risk_,pump_rate,nsga2_front,nsga2_crowding_distance,spea2_unconstrained_fitness,spea2_constrained_fitness,is_feasible,feasible_distance
0,gen=30_member=870_de,0.899246,165.65,1,1e+30,0.00969974,0.00969974,1,-999
0,gen=40_member=1186_de,0.01,760.559,1,1e+30,0.00312194,0.00312194,1,-999
0,gen=50_member=1475_de,0.0438649,489.635,1,0.517135,0.0189512,0.0189512,1,-999
0,gen=26_member=752_de,0.648865,266.745,1,0.319409,0.0276729,0.0276729,1,-999
0,gen=47_member=1388_de,0.546798,293.77,1,0.316234,0.0201648,0.0201648,1,-999
0,gen=43_member=1266_de,0.212021,438.868,1,0.313129,0.0189512,0.0189512,1,-999
0,gen=6_member=158_de,0.41868,300.881,1,0.257678,0.02354,0.02354,1,-999
0,gen=45_member=1330_de,0.26417,381.706,1,0.221868,0.0218891,0.0218891,1,-999
0,gen=50_member=1480_de,0.75136,240.604,1,0.184285,0.0181267,0.0181267,1,-999
0,gen=20_member=588_de,0.076213,442.245,1,0.173942,0.0202472,0.0202472,1,-999
0,gen=42_member=1237_de,0.801153,188.486,1,0.143677,0.0124596,0.0124596,1,-999
0,gen=35_member=1039_de,0.771482,239.143,1,0.143601,0.0176592,0.0176592,1,-999
0,gen=49_member=1445_de,0.286408,356.642,1,0.139721,0.0369486,0.0369486,1,-999
0,gen=14_member=403_de,0.383804,338.022,1,0.126825,0.0255486,0.0255486,1,-999
0,gen=17_member=502_de,0.335487,346.296,1,0.115651,0.0267308,0.0267308,1,-999
0,gen=39_member=1165_de,0.0464861,452.91,1,0.100493,0.0258235,0.0258235,1,-999
0,gen=33_member=966_de,0.36641,341.361,1,0.0682439,0.0236155,0.0236155,1,-999
0,gen=26_member=762_de,0.0677648,445.84,1,0.0513566,0.0218363,0.0218363,1,-999
3,gen=30_member=870_de,0.899246,165.65,1,1e+30,0.0129947,0.0129947,1,-999
3,gen=40_member=1186_de,0.01,760.559,1,1e+30,0.00312194,0.00312194,1,-999
3,gen=50_member=1475_de,0.0438649,489.635,1,0.517135,0.0189512,0.0189512,1,-999
3,gen=26_member=752_de,0.648865,266.745,1,0.319409,0.0276729,0.0276729,1,-999
3,gen=47_member=1388_de,0.546798,293.77,1,0.316234,0.0201648,0.0201648,1,-999
3,gen=43_member=1266_de,0.212021,438.868,1,0.313129,0.0189512,0.0189512,1,-999
3,gen=6_member=158_de,0.41868,300.881,1,0.257678,0.02354,0.02354,1,-999
3,gen=45_member=1330_de,0.26417,381.706,1,0.221868,0.0218891,0.0218891,1,-999
3,gen=50_member=1480_de,0.75136,240.604,1,0.184285,0.0184781,0.0184781,1,-999
3,gen=20_member=588_de,0.076213,442.245,1,0.173942,0.0202472,0.0202472,1,-999
3,gen=42_member=1237_de,0.801153,188.486,1,0.139612,0.0184781,0.0184781,1,-999
3,gen=35_member=1039_de,0.771482,239.143,1,0.104801,0.0189906,0.0189906,1,-999
3,gen=49_member=1445_de,0.286408,356.642,1,0.139721,0.0369486,0.0369486,1,-999
3,gen=14_member=403_de,0.383804,338.022,1,0.126825,0.0255486,0.0255486,1,-999
3,gen=17_member=502_de,0.335487,346.296,1,0.115651,0.0267308,0.0267308,1,-999
3,gen=39_member=1165_de,0.0464861,452.91,1,0.100493,0.0258235,0.0258235,1,-999
3,gen=33_member=966_de,0.36641,341.361,1,0.0682439,0.0236155,0.0236155,1,-999
3,gen=26_member=762_de,0.0677648,445.84,1,0.0513566,0.0218363,0.0218363,1,-999
3,gen=53_member=60_de,0.775097,194.137,1,0.118518,0.0206326,0.0206326,1,-999
5,gen=30_member=870_de,0.899246,165.65,1,1e+30,0.0129947,0.0129947,1,-999
5,gen=40_member=1186_de,0.01,760.559,1,1e+30,0.00315737,0.00315737,1,-999
5,gen=50_member=1475_de,0.0438649,489.635,1,0.406256,0.0189512,0.0189512,1,-999
5,gen=26_member=752_de,0.648865,266.745,1,0.319409,0.0276729,0.0276729,1,-999
5,gen=47_member=1388_de,0.546798,293.77,1,0.316234,0.0201648,0.0201648,1,-999
5,gen=43_member=1266_de,0.212021,438.868,1,0.313129,0.0189512,0.0189512,1,-999
5,gen=6_member=158_de,0.41868,300.881,1,0.257678,0.02354,0.02354,1,-999
5,gen=45_member=1330_de,0.26417,381.706,1,0.221868,0.0218891,0.0218891,1,-999
5,gen=50_member=1480_de,0.75136,240.604,1,0.184285,0.0184781,0.0184781,1,-999
5,gen=20_member=588_de,0.076213,442.245,1,0.173942,0.0202472,0.0202472,1,-999
5,gen=49_member=1445_de,0.286408,356.642,1,0.139721,0.0369486,0.0369486,1,-999
5,gen=42_member=1237_de,0.801153,188.486,1,0.139612,0.0184781,0.0184781,1,-999
5,gen=14_member=403_de,0.383804,338.022,1,0.126825,0.0255486,0.0255486,1,-999
5,gen=53_member=60_de,0.775097,194.137,1,0.118518,0.0206326,0.0206326,1,-999
5,gen=17_member=502_de,0.335487,346.296,1,0.115651,0.0267308,0.0267308,1,-999
5,gen=35_member=1039_de,0.771482,239.143,1,0.104801,0.0189906,0.0189906,1,-999
5,gen=39_member=1165_de,0.0464861,452.91,1,0.100493,0.0258235,0.0258235,1,-999
5,gen=33_member=966_de,0.36641,341.361,1,0.0682439,0.0236155,0.0236155,1,-999
5,gen=26_member=762_de,0.0677648,445.84,1,0.0513566,0.0218363,0.0218363,1,-999
5,gen=55_member=143_de,0.0128918,672.121,1,0.455404,0.00438056,0.00438056,1,-999
8,gen=40_member=1186_de,0.01,760.559,1,1e+30,0.00315737,0.00315737,1,-999
8,gen=30_member=870_de,0.899246,165.65,1,1e+30,0.0132461,0.0132461,1,-999
8,gen=55_member=143_de,0.0128918,672.121,1,0.455404,0.00438056,0.00438056,1,-999
8,gen=50_member=1475_de,0.0438649,489.635,1,0.406256,0.0189512,0.0189512,1,-999
8,gen=26_member=752_de,0.648865,266.745,1,0.319409,0.0276729,0.0276729,1,-999
8,gen=47_member=1388_de,0.546798,293.77,1,0.255527,0.0216209,0.0216209,1,-999
8,gen=43_member=1266_de,0.212021,438.868,1,0.292307,0.0189512,0.0189512,1,-999
8,gen=6_member=158_de,0.41868,300.881,2,1e+30,0.0255486,0.0255486,1,-999
8,gen=45_member=1330_de,0.26417,381.706,1,0.0879612,0.0236155,0.0236155,1,-999
8,gen=50_member=1480_de,0.75136,240.604,1,0.184285,0.0206326,0.0206326,1,-999
8,gen=20_member=588_de,0.076213,442.245,1,0.173942,0.0202472,0.0202472,1,-999
8,gen=49_member=1445_de,0.286408,356.642,1,0.139721,0.0369486,0.0369486,1,-999
8,gen=42_member=1237_de,0.801153,188.486,1,0.139612,0.0189906,0.0189906,1,-999
8,gen=14_member=403_de,0.383804,338.022,1,0.187532,0.0325271,0.0325271,1,-999
8,gen=53_member=60_de,0.775097,194.137,2,1e+30,0.0212737,0.0212737,1,-999
8,gen=17_member=502_de,0.335487,346.296,1,0.115651,0.0267308,0.0267308,1,-999
8,gen=35_member=1039_de,0.771482,239.143,1,0.0664818,0.0212737,0.0212737,1,-999
8,gen=39_member=1165_de,0.0464861,452.91,1,0.100493,0.0258235,0.0258235,1,-999
8,gen=33_member=966_de,0.36641,341.361,1,0.0682439,0.0293399,0.0293399,1,-999
8,gen=26_member=762_de,0.0677648,445.84,1,0.0513566,0.0218363,0.0218363,1,-999
8,gen=58_member=228_de,0.485215,309.278,1,0.257678,1.02934,1.02934,1,-999
8,gen=58_member=216_de,0.250524,384.964,1,0.154729,0.0219285,0.0219285,1,-999
8,gen=58_member=224_de,0.775097,216.933,1,0.118518,1.03284,1.03284,1,-999
9,gen=40_member=1186_de,0.01,760.559,1,1e+30,0.00322947,0.00322947,1,-999
9,gen=30_member=870_de,0.899246,165.65,1,1e+30,0.0129947,0.0129947,1,-999
9,gen=55_member=143_de,0.0128918,672.121,1,0.451023,0.00452058,0.00452058,1,-999
9,gen=50_member=1475_de,0.0438649,489.635,1,0.0813362,0.0202472,0.0202472,1,-999
9,gen=26_member=752_de,0.648865,266.745,1,0.319409,0.0224549,0.0224549,1,-999
9,gen=43_member=1266_de,0.212021,438.868,1,0.292307,0.0189512,0.0189512,1,-999
9,gen=58_member=228_de,0.485215,309.278,1,0.257678,0.025629,0.025629,1,-999
9,gen=47_member=1388_de,0.546798,293.77,1,0.255527,0.0201648,0.0201648,1,-999
9,gen=14_member=403_de,0.383804,338.022,1,0.187532,0.0325271,0.0325271,1,-999
9,gen=50_member=1480_de,0.75136,240.604,1,0.184285,0.0184781,0.0184781,1,-999
9,gen=20_member=588_de,0.076213,442.245,1,0.173942,0.0202472,0.0202472,1,-999
9,gen=58_member=216_de,0.250524,384.964,1,0.154729,0.0219285,0.0219285,1,-999
9,gen=49_member=1445_de,0.286408,356.642,1,0.139721,0.0369486,0.0369486,1,-999
9,gen=42_member=1237_de,0.801153,188.486,1,0.139612,0.0184781,0.0184781,1,-999
9,gen=58_member=224_de,0.775097,216.933,1,0.118518,0.0193005,0.0193005,1,-999
9,gen=17_member=502_de,0.335487,346.296,1,0.115651,0.0267308,0.0267308,1,-999
9,gen=39_member=1165_de,0.0464861,452.91,1,0.100493,0.0258235,0.0258235,1,-999
9,gen=45_member=1330_de,0.26417,381.706,1,0.0879612,0.0236155,0.0236155,1,-999
9,gen=33_member=966_de,0.36641,341.361,1,0.0682439,0.0293399,0.0293399,1,-999
9,gen=35_member=1039_de,0.771482,239.143,1,0.0664818,0.0189906,0.0189906,1,-999
9,gen=26_member=762_de,0.0677648,445.84,1,0.0513566,0.0218363,0.0218363,1,-999
9,gen=59_member=245_de,0.0329481,492.241,1,0.341577,0.0192323,0.0192323,1,-999
10,gen=30_member=870_de,0.899246,165.65,1,1e+30,0.0129947,0.0129947,1,-999
10,gen=40_member=1186_de,0.01,760.559,1,1e+30,0.00322947,0.00322947,1,-999
10,gen=55_member=143_de,0.0128918,672.121,1,0.451023,0.00452058,0.00452058,1,-999
10,gen=59_member=245_de,0.0329481,492.241,1,0.341577,0.0192323,0.0192323,1,-999
10,gen=26_member=752_de,0.648865,266.745,1,0.319409,0.0224549,0.0224549,1,-999
10,gen=43_member=1266_de,0.212021,438.868,1,0.292307,0.0189512,0.0189512,1,-999
10,gen=58_member=228_de,0.485215,309.278,1,0.257678,0.025629,0.025629,1,-999
10,gen=47_member=1388_de,0.546798,293.77,1,0.255527,0.0201648,0.0201648,1,-999
10,gen=14_member=403_de,0.383804,338.022,1,0.187532,0.048496,0.048496,1,-999
10,gen=50_member=1480_de,0.75136,240.604,1,0.184285,0.0184781,0.0184781,1,-999
10,gen=20_member=588_de,0.076213,442.245,1,0.173942,0.0202472,0.0202472,1,-999
10,gen=58_member=216_de,0.250524,384.964,1,0.154729,0.0245895,0.0245895,1,-999
10,gen=49_member=1445_de,0.286408,356.642,1,0.114795,0.048496,0.048496,1,-999
10,gen=42_member=1237_de,0.801153,188.486,1,0.139612,0.0184781,0.0184781,1,-999
10,gen=58_member=224_de,0.775097,216.933,1,0.118518,0.0193005,0.0193005,1,-999
10,gen=17_member=502_de,0.335487,346.296,1,0.0679957,0.0810014,0.0810014,1,-999
10,gen=39_member=1165_de,0.0464861,452.91,1,0.100493,0.0258235,0.0258235,1,-999
10,gen=45_member=1330_de,0.26417,381.706,1,0.0879612,0.0267308,0.0267308,1,-999
10,gen=50_member=1475_de,0.0438649,489.635,1,0.0813362,0.0202472,0.0202472,1,-999
10,gen=33_member=966_de,0.36641,341.361,1,0.0682439,0.0578686,0.0578686,1,-999
10,gen=35_member=1039_de,0.771482,239.143,1,0.0664818,0.0189906,0.0189906,1,-999
10,gen=26_member=762_de,0.0677648,445.84,1,0.0513566,0.0218363,0.0218363,1,-999
10,gen=60_member=276_de,0.321566,351.812,1,0.0725815,0.0633307,0.0633307,1,-999
12,gen=30_member=870_de,0.899246,165.65,1,1e+30,0.0129947,0.0129947,1,-999
12,gen=40_member=1186_de,0.01,760.559,1,1e+30,0.00322947,0.00322947,1,-999
12,gen=55_member=143_de,0.0128918,672.121,1,0.451023,0.00452058,0.00452058,1,-999
12,gen=59_member=245_de,0.0329481,492.241,1,0.341577,0.0192323,0.0192323,1,-999
12,gen=26_member=752_de,0.648865,266.745,1,0.238665,0.0337816,0.0337816,1,-999
12,gen=43_member=1266_de,0.212021,438.868,1,0.292307,0.0189512,0.0189512,1,-999
12,gen=58_member=228_de,0.485215,309.278,1,0.257678,0.0293399,0.0293399,1,-999
12,gen=47_member=1388_de,0.546798,293.77,1,0.176064,0.0216209,0.0216209,1,-999
12,gen=14_member=403_de,0.383804,338.022,1,0.187532,0.048496,0.048496,1,-999
12,gen=50_member=1480_de,0.75136,240.604,1,0.184285,0.0197268,0.0197268,1,-999
12,gen=20_member=588_de,0.076213,442.245,1,0.173942,0.0202472,0.0202472,1,-999
12,gen=58_member=216_de,0.250524,384.964,1,0.154729,0.0245895,0.0245895,1,-999
12,gen=42_member=1237_de,0.801153,188.486,1,0.139612,0.0184781,0.0184781,1,-999
12,gen=58_member=224_de,0.775097,216.933,1,0.118518,0.0193005,0.0193005,1,-999
12,gen=49_member=1445_de,0.286408,356.642,1,0.114795,0.048496,0.048496,1,-999
12,gen=39_member=1165_de,0.0464861,452.91,1,0.100493,0.0258235,0.0258235,1,-999
12,gen=45_member=1330_de,0.26417,381.706,1,0.0879612,0.0267308,0.0267308,1,-999
12,gen=50_member=1475_de,0.0438649,489.635,1,0.0813362,0.0202472,0.0202472,1,-999
12,gen=60_member=276_de,0.321566,351.812,1,0.0725815,0.0633307,0.0633307,1,-999
12,gen=33_member=966_de,0.36641,341.361,1,0.0682439,0.0578686,0.0578686,1,-999
12,gen=17_member=502_de,0.335487,346.296,1,0.0679957,0.0810014,0.0810014,1,-999
12,gen=35_member=1039_de,0.771482,239.143,1,0.0664818,0.0191744,0.0191744,1,-999
12,gen=26_member=762_de,0.0677648,445.84,1,0.0513566,0.0218363,0.0218363,1,-999
12,gen=62_member=336_de,0.611911,289.296,1,0.160207,0.0197268,0.0197268,1,-999
19,gen=30_member=870_de,0.899246,165.65,1,1e+30,0.0129947,0.0129947,1,-999
19,gen=40_member=1186_de,0.01,760.559,1,1e+30,0.00322947,0.00322947,1,-999
19,gen=55_member=143_de,0.0128918,672.121,1,0.451023,0.00452058,0.00452058,1,-999
19,gen=59_member=245_de,0.0329481,492.241,1,0.341577,0.0192323,0.0192323,1,-999
19,gen=43_member=1266_de,0.212021,438.868,1,0.292307,0.0189512,0.0189512,1,-999
19,gen=58_member=228_de,0.485215,309.278,1,0.257678,0.0325271,0.0325271,1,-999
19,gen=26_member=752_de,0.648865,266.745,1,0.238665,0.0344522,0.0344522,1,-999
19,gen=14_member=403_de,0.383804,338.022,1,0.187532,0.048496,0.048496,1,-999
19,gen=50_member=1480_de,0.75136,240.604,1,0.184285,0.0197268,0.0197268,1,-999
19,gen=47_member=1388_de,0.546798,293.77,1,0.126379,0.0344522,0.0344522,1,-999
19,gen=20_member=588_de,0.076213,442.245,1,0.173942,0.0202472,0.0202472,1,-999
19,gen=62_member=336_de,0.611911,289.296,1,0.129148,0.0407315,0.0407315,1,-999
19,gen=58_member=216_de,0.250524,384.964,1,0.154729,0.0245895,0.0245895,1,-999
19,gen=42_member=1237_de,0.801153,188.486,1,0.139612,0.0184781,0.0184781,1,-999
19,gen=58_member=224_de,0.775097,216.933,1,0.118518,0.0193005,0.0193005,1,-999
19,gen=49_member=1445_de,0.286408,356.642,1,0.114795,0.048496,0.048496,1,-999
19,gen=39_member=1165_de,0.0464861,452.91,1,0.100493,0.0258235,0.0258235,1,-999
19,gen=45_member=1330_de,0.26417,381.706,1,0.0879612,0.0267308,0.0267308,1,-999
19,gen=50_member=1475_de,0.0438649,489.635,1,0.0813362,0.0202472,0.0202472,1,-999
19,gen=60_member=276_de,0.321566,351.812,1,0.0725815,0.0633307,0.0633307,1,-999
19,gen=33_member=966_de,0.36641,341.361,1,0.0682439,0.0578686,0.0578686,1,-999
19,gen=17_member=502_de,0.335487,346.296,1,0.0679957,0.0810014,0.0810014,1,-999
19,gen=35_member=1039_de,0.771482,239.143,1,0.0664818,0.0191744,0.0191744,1,-999
19,gen=26_member=762_de,0.0677648,445.84,1,0.0513566,0.0218363,0.0218363,1,-999
19,gen=69_member=551_de,0.568721,289.96,1,0.0807443,0.0396589,0.0396589,1,-999
25,gen=30_member=870_de,0.899246,165.65,1,1e+30,0.00969974,0.00969974,1,-999
25,gen=40_member=1186_de,0.01,760.559,1,1e+30,0.00322947,0.00322947,1,-999
25,gen=55_member=143_de,0.0128918,672.121,1,0.383572,0.00452058,0.00452058,1,-999
25,gen=59_member=245_de,0.0329481,492.241,1,0.103831,0.0192323,0.0192323,1,-999
25,gen=43_member=1266_de,0.212021,438.868,1,0.292307,0.0180592,0.0180592,1,-999
25,gen=58_member=228_de,0.485215,309.278,1,0.257678,0.0293399,0.0293399,1,-999
25,gen=26_member=752_de,0.648865,266.745,1,0.238665,0.0337816,0.0337816,1,-999
25,gen=14_member=403_de,0.383804,338.022,1,0.187532,0.0325271,0.0325271,1,-999
25,gen=50_member=1480_de,0.75136,240.604,1,0.184285,0.0194717,0.0194717,1,-999
25,gen=20_member=588_de,0.076213,442.245,1,0.173942,0.0192323,0.0192323,1,-999
25,gen=58_member=216_de,0.250524,384.964,1,0.154729,0.0219285,0.0219285,1,-999
25,gen=42_member=1237_de,0.801153,188.486,1,0.139612,0.0124596,0.0124596,1,-999
25,gen=62_member=336_de,0.611911,289.296,1,0.129148,0.0197268,0.0197268,1,-999
25,gen=47_member=1388_de,0.546798,293.77,1,0.126379,0.0216209,0.0216209,1,-999
25,gen=58_member=224_de,0.775097,216.933,1,0.118518,0.0187675,0.0187675,1,-999
25,gen=49_member=1445_de,0.286408,356.642,1,0.114795,0.0369486,0.0369486,1,-999
25,gen=39_member=1165_de,0.0464861,452.91,1,0.100493,0.0241951,0.0241951,1,-999
25,gen=45_member=1330_de,0.26417,381.706,1,0.0879612,0.0236155,0.0236155,1,-999
25,gen=50_member=1475_de,0.0438649,489.635,1,0.0813362,0.0202472,0.0202472,1,-999
25,gen=69_member=551_de,0.568721,289.96,1,0.0807443,0.0199751,0.0199751,1,-999
25,gen=60_member=276_de,0.321566,351.812,1,0.0725815,0.0313532,0.0313532,1,-999
25,gen=33_member=966_de,0.36641,341.361,1,0.0682439,0.0293399,0.0293399,1,-999
25,gen=17_member=502_de,0.335487,346.296,1,0.0679957,0.0267308,0.0267308,1,-999
25,gen=35_member=1039_de,0.771482,239.143,1,0.0664818,0.0189906,0.0189906,1,-999
25,gen=26_member=762_de,0.0677648,445.84,1,0.0513566,0.0206605,0.0206605,1,-999
25,gen=75_member=740_de,0.0154097,532.369,1,0.324919,0.010855,0.010855,1,-999
27,gen=30_member=870_de,0.899246,165.65,1,1e+30,0.0126046,0.0126046,1,-999
27,gen=40_member=1186_de,0.01,760.559,1,1e+30,0.00322947,0.00322947,1,-999
27,gen=55_member=143_de,0.0128918,672.121,1,0.383572,0.00452058,0.00452058,1,-999
27,gen=75_member=740_de,0.0154097,532.369,1,0.324919,0.010855,0.010855,1,-999
27,gen=43_member=1266_de,0.212021,438.868,1,0.292307,0.0180592,0.0180592,1,-999
27,gen=58_member=228_de,0.485215,309.278,1,0.257678,0.0293399,0.0293399,1,-999
27,gen=26_member=752_de,0.648865,266.745,1,0.224087,0.0344522,0.0344522,1,-999
27,gen=14_member=403_de,0.383804,338.022,1,0.187532,0.0325271,0.0325271,1,-999
27,gen=50_member=1480_de,0.75136,240.604,1,0.0396606,0.0197268,0.0197268,1,-999
27,gen=20_member=588_de,0.076213,442.245,1,0.173942,0.0192323,0.0192323,1,-999
27,gen=58_member=216_de,0.250524,384.964,1,0.154729,0.0219285,0.0219285,1,-999
27,gen=42_member=1237_de,0.801153,188.486,1,0.139612,0.0176992,0.0176992,1,-999
27,gen=62_member=336_de,0.611911,289.296,1,0.129148,0.0206993,0.0206993,1,-999
27,gen=47_member=1388_de,0.546798,293.77,1,0.126379,0.0216209,0.0216209,1,-999
27,gen=58_member=224_de,0.775097,216.933,1,0.118518,0.0193005,0.0193005,1,-999
27,gen=49_member=1445_de,0.286408,356.642,1,0.114795,0.0369486,0.0369486,1,-999
27,gen=59_member=245_de,0.0329481,492.241,1,0.103831,0.0192323,0.0192323,1,-999
27,gen=39_member=1165_de,0.0464861,452.91,1,0.100493,0.0241951,0.0241951,1,-999
27,gen=45_member=1330_de,0.26417,381.706,1,0.0879612,0.0236155,0.0236155,1,-999
27,gen=50_member=1475_de,0.0438649,489.635,1,0.0813362,0.0202472,0.0202472,1,-999
27,gen=69_member=551_de,0.568721,289.96,1,0.0807443,0.0204187,0.0204187,1,-999
27,gen=60_member=276_de,0.321566,351.812,1,0.0725815,0.0313532,0.0313532,1,-999
27,gen=33_member=966_de,0.36641,341.361,1,0.0682439,0.0293399,0.0293399,1,-999
27,gen=17_member=502_de,0.335487,346.296,1,0.0679957,0.0267308,0.0267308,1,-999
27,gen=35_member=1039_de,0.771482,239.143,1,0.0664818,0.0191744,0.0191744,1,-999
27,gen=26_member=762_de,0.0677648,445.84,1,0.0513566,0.0206605,0.0206605,1,-999
27,gen=77_member=788_de,0.741957,242.985,1,0.159202,0.0206993,0.0206993,1,-999
28,gen=30_member=870_de,0.899246,165.65,1,1e+30,0.0126046,0.0126046,1,-999
28,gen=40_member=1186_de,0.01,760.559,1,1e+30,0.00366402,0.00366402,1,-999
28,gen=55_member=143_de,0.0128918,672.121,1,0.383572,0.00542046,0.00542046,1,-999
28,gen=75_member=740_de,0.0154097,532.369,1,0.324919,0.0112957,0.0112957,1,-999
28,gen=43_member=1266_de,0.212021,438.868,1,0.292307,0.0188609,0.0188609,1,-999
28,gen=58_member=228_de,0.485215,309.278,1,0.257678,0.0293399,0.0293399,1,-999
28,gen=26_member=752_de,0.648865,266.745,1,0.224087,0.0344522,0.0344522,1,-999
28,gen=14_member=403_de,0.383804,338.022,1,0.187532,0.0325271,0.0325271,1,-999
28,gen=20_member=588_de,0.076213,442.245,1,0.173942,0.0201442,0.0201442,1,-999
28,gen=77_member=788_de,0.741957,242.985,1,0.159202,0.0206993,0.0206993,1,-999
28,gen=58_member=216_de,0.250524,384.964,1,0.154729,0.0219285,0.0219285,1,-999
28,gen=42_member=1237_de,0.801153,188.486,1,0.139612,0.0176992,0.0176992,1,-999
28,gen=62_member=336_de,0.611911,289.296,1,0.129148,0.0206993,0.0206993,1,-999
28,gen=47_member=1388_de,0.546798,293.77,1,0.126379,0.0216209,0.0216209,1,-999
28,gen=58_member=224_de,0.775097,216.933,1,0.118518,0.0193005,0.0193005,1,-999
28,gen=49_member=1445_de,0.286408,356.642,1,0.114795,0.0369486,0.0369486,1,-999
28,gen=59_member=245_de,0.0329481,492.241,1,0.107501,0.0206605,0.0206605,1,-999
28,gen=39_member=1165_de,0.0464861,452.91,2,1e+30,0.0256561,0.0256561,1,-999
28,gen=45_member=1330_de,0.26417,381.706,1,0.0879612,0.0236155,0.0236155,1,-999
28,gen=50_member=1475_de,0.0438649,489.635,2,1e+30,0.0218363,0.0218363,1,-999
28,gen=69_member=551_de,0.568721,289.96,1,0.0807443,0.0204187,0.0204187,1,-999
28,gen=60_member=276_de,0.321566,351.812,1,0.0725815,0.0313532,0.0313532,1,-999
28,gen=33_member=966_de,0.36641,341.361,1,0.0682439,0.0293399,0.0293399,1,-999
28,gen=17_member=502_de,0.335487,346.296,1,0.0679957,0.0267308,0.0267308,1,-999
28,gen=35_member=1039_de,0.771482,239.143,1,0.0664818,0.0191744,0.0191744,1,-999
28,gen=26_member=762_de,0.0677648,445.84,1,0.112366,0.0217166,0.0217166,1,-999
28,gen=50_member=1480_de,0.75136,240.604,1,0.0396606,0.0197268,0.0197268,1,-999
28,gen=78_member=823_de,0.0475058,489.887,1,0.117151,2.02172,2.02172,1,-999
30,gen=30_member=870_de,0.899246,165.65,1,1e+30,0.0126046,0.0126046,1,-999
30,gen=40_member=1186_de,0.01,760.559,2,-999,0.00366742,0.00366742,1,-999
30,gen=55_member=143_de,0.0128918,672.121,1,0.434766,0.00542789,0.00542789,1,-999
30,gen=75_member=740_de,0.0154097,532.369,1,0.299808,0.0104711,0.0104711,1,-999
30,gen=43_member=1266_de,0.212021,438.868,1,0.28431,0.0178878,0.0178878,1,-999
30,gen=58_member=228_de,0.485215,309.278,1,0.2515,0.0293399,0.0293399,1,-999
30,gen=26_member=752_de,0.648865,266.745,1,0.217623,0.0344522,0.0344522,1,-999
30,gen=14_member=403_de,0.383804,338.022,1,0.183053,0.0325271,0.0325271,1,-999
30,gen=20_member=588_de,0.076213,442.245,1,0.172969,0.0168687,0.0168687,1,-999
30,gen=77_member=788_de,0.741957,242.985,1,0.155553,0.0206993,0.0206993,1,-999
30,gen=58_member=216_de,0.250524,384.964,1,0.146749,0.0219285,0.0219285,1,-999
30,gen=42_member=1237_de,0.801153,188.486,1,0.139612,0.0176992,0.0176992,1,-999
30,gen=62_member=336_de,0.611911,289.296,1,0.125908,0.0206993,0.0206993,1,-999
30,gen=47_member=1388_de,0.546798,293.77,1,0.123682,0.0216209,0.0216209,1,-999
30,gen=58_member=224_de,0.775097,216.933,1,0.111446,0.0193005,0.0193005,1,-999
30,gen=78_member=823_de,0.0475058,489.887,1,0.110673,0.0188609,0.0188609,1,-999
30,gen=49_member=1445_de,0.286408,356.642,1,0.110622,0.0369486,0.0369486,1,-999
30,gen=26_member=762_de,0.0677648,445.84,1,0.105715,0.0159043,0.0159043,1,-999
30,gen=59_member=245_de,0.0329481,492.241,1,0.101571,0.0180592,0.0180592,1,-999
30,gen=45_member=1330_de,0.26417,381.706,1,0.0840074,0.0236155,0.0236155,1,-999
30,gen=69_member=551_de,0.568721,289.96,1,0.0801196,0.0204187,0.0204187,1,-999
30,gen=60_member=276_de,0.321566,351.812,1,0.0711373,0.0313532,0.0313532,1,-999
30,gen=33_member=966_de,0.36641,341.361,1,0.0670888,0.0293399,0.0293399,1,-999
30,gen=17_member=502_de,0.335487,346.296,1,0.0665368,0.0267308,0.0267308,1,-999
30,gen=35_member=1039_de,0.771482,239.143,1,0.0631774,0.0191744,0.0191744,1,-999
30,gen=50_member=1480_de,0.75136,240.604,1,0.0391242,0.0197268,0.0197268,1,-999
30,gen=80_member=897_de,0.01,814.441,1,1e+30,1.00306,1.00306,1,-999
33,gen=80_member=897_de,0.01,814.441,1,1e+30,0.00306229,0.00306229,1,-999
33,gen=30_member=870_de,0.899246,165.65,1,1e+30,0.0126046,0.0126046,1,-999
33,gen=55_member=143_de,0.0128918,672.121,1,0.434766,0.00542789,0.00542789,1,-999
33,gen=75_member=740_de,0.0154097,532.369,1,0.302547,0.010855,0.010855,1,-999
33,gen=43_member=1266_de,0.212021,438.868,1,0.28431,0.0178878,0.0178878,1,-999
33,gen=58_member=228_de,0.485215,309.278,1,0.2515,0.0293399,0.0293399,1,-999
33,gen=26_member=752_de,0.648865,266.745,1,0.217623,0.0344522,0.0344522,1,-999
33,gen=14_member=403_de,0.383804,338.022,1,0.183053,0.0325271,0.0325271,1,-999
33,gen=20_member=588_de,0.076213,442.245,1,0.172969,0.0171869,0.0171869,1,-999
33,gen=77_member=788_de,0.741957,242.985,1,0.155553,0.0206993,0.0206993,1,-999
33,gen=58_member=216_de,0.250524,384.964,1,0.146749,0.0219285,0.0219285,1,-999
33,gen=42_member=1237_de,0.801153,188.486,1,0.139612,0.0176992,0.0176992,1,-999
33,gen=62_member=336_de,0.611911,289.296,1,0.125908,0.0206993,0.0206993,1,-999
33,gen=47_member=1388_de,0.546798,293.77,1,0.123682,0.0216209,0.0216209,1,-999
33,gen=58_member=224_de,0.775097,216.933,1,0.111446,0.0193005,0.0193005,1,-999
33,gen=78_member=823_de,0.0475058,489.887,1,0.107934,0.0201442,0.0201442,1,-999
33,gen=49_member=1445_de,0.286408,356.642,1,0.110622,0.0369486,0.0369486,1,-999
33,gen=26_member=762_de,0.0677648,445.84,1,0.105715,0.0183185,0.0183185,1,-999
33,gen=59_member=245_de,0.0329481,492.241,2,-999,0.0192323,0.0192323,1,-999
33,gen=45_member=1330_de,0.26417,381.706,1,0.0840074,0.0236155,0.0236155,1,-999
33,gen=69_member=551_de,0.568721,289.96,1,0.0801196,0.0204187,0.0204187,1,-999
33,gen=60_member=276_de,0.321566,351.812,1,0.0711373,0.0313532,0.0313532,1,-999
33,gen=33_member=966_de,0.36641,341.361,1,0.0670888,0.0293399,0.0293399,1,-999
33,gen=17_member=502_de,0.335487,346.296,1,0.0665368,0.0267308,0.0267308,1,-999
33,gen=35_member=1039_de,0.771482,239.143,1,0.0631774,0.0191744,0.0191744,1,-999
33,gen=50_member=1480_de,0.75136,240.604,1,0.0391242,0.0197268,0.0197268,1,-999
33,gen=83_member=970_de,0.043865,498.429,1,0.101571,1.01719,1.01719,1,-999
34,gen=80_member=897_de,0.01,814.441,1,1e+30,0.00306229,0.00306229,1,-999
34,gen=30_member=870_de,0.899246,165.65,1,1e+30,0.0126046,0.0126046,1,-999
34,gen=55_member=143_de,0.0128918,672.121,1,0.350269,0.00542789,0.00542789,1,-999
34,gen=75_member=740_de,0.0154097,532.369,2,-999,0.010855,0.010855,1,-999
34,gen=43_member=1266_de,0.212021,438.868,1,0.28431,0.0169028,0.0169028,1,-999
34,gen=58_member=228_de,0.485215,309.278,1,0.2515,0.0293399,0.0293399,1,-999
34,gen=26_member=752_de,0.648865,266.745,1,0.217623,0.0344522,0.0344522,1,-999
34,gen=14_member=403_de,0.383804,338.022,1,0.183053,0.0325271,0.0325271,1,-999
34,gen=20_member=588_de,0.076213,442.245,1,0.172969,0.0168687,0.0168687,1,-999
34,gen=77_member=788_de,0.741957,242.985,1,0.155553,0.0206993,0.0206993,1,-999
34,gen=58_member=216_de,0.250524,384.964,1,0.146749,0.0219285,0.0219285,1,-999
34,gen=42_member=1237_de,0.801153,188.486,1,0.139612,0.0176992,0.0176992,1,-999
34,gen=62_member=336_de,0.611911,289.296,1,0.125908,0.0206993,0.0206993,1,-999
34,gen=47_member=1388_de,0.546798,293.77,1,0.123682,0.0216209,0.0216209,1,-999
34,gen=58_member=224_de,0.775097,216.933,1,0.111446,0.0193005,0.0193005,1,-999
34,gen=49_member=1445_de,0.286408,356.642,1,0.110622,0.0369486,0.0369486,1,-999
34,gen=78_member=823_de,0.0475058,489.887,1,0.107934,0.0188609,0.0188609,1,-999
34,gen=26_member=762_de,0.0677648,445.84,1,0.105715,0.0159043,0.0159043,1,-999
34,gen=83_member=970_de,0.043865,498.429,1,0.159798,0.0162439,0.0162439,1,-999
34,gen=45_member=1330_de,0.26417,381.706,1,0.0840074,0.0236155,0.0236155,1,-999
34,gen=69_member=551_de,0.568721,289.96,1,0.0801196,0.0204187,0.0204187,1,-999
34,gen=60_member=276_de,0.321566,351.812,1,0.0711373,0.0313532,0.0313532,1,-999
34,gen=33_member=966_de,0.36641,341.361,1,0.0670888,0.0293399,0.0293399,1,-999
34,gen=17_member=502_de,0.335487,346.296,1,0.0665368,0.0267308,0.0267308,1,-999
34,gen=35_member=1039_de,0.771482,239.143,1,0.0631774,0.0191744,0.0191744,1,-999
34,gen=50_member=1480_de,0.75136,240.604,1,0.0391242,0.0197268,0.0197268,1,-999
34,gen=84_member=994_de,0.0387702,587.19,1,0.302547,1.00698,1.00698,1,-999
39,gen=30_member=870_de,0.899246,165.65,1,1e+30,0.0126046,0.0126046,1,-999
39,gen=80_member=897_de,0.01,814.441,1,1e+30,0.00269832,0.00269832,1,-999
39,gen=55_member=143_de,0.0128918,672.121,1,0.350269,0.00438056,0.00438056,1,-999
39,gen=84_member=994_de,0.0387702,587.19,1,0.302547,0.0068053,0.0068053,1,-999
39,gen=43_member=1266_de,0.212021,438.868,1,0.28431,0.0169028,0.0169028,1,-999
39,gen=58_member=228_de,0.485215,309.278,1,0.130708,0.0325271,0.0325271,1,-999
39,gen=26_member=752_de,0.648865,266.745,1,0.217623,0.0344522,0.0344522,1,-999
39,gen=14_member=403_de,0.383804,338.022,1,0.145501,0.0333383,0.0333383,1,-999
39,gen=20_member=588_de,0.076213,442.245,1,0.172969,0.0168687,0.0168687,1,-999
39,gen=83_member=970_de,0.043865,498.429,1,0.159798,0.011018,0.011018,1,-999
39,gen=77_member=788_de,0.741957,242.985,1,0.155553,0.0206993,0.0206993,1,-999
39,gen=58_member=216_de,0.250524,384.964,1,0.146749,0.0219285,0.0219285,1,-999
39,gen=42_member=1237_de,0.801153,188.486,1,0.139612,0.0176992,0.0176992,1,-999
39,gen=62_member=336_de,0.611911,289.296,1,0.125908,0.0407315,0.0407315,1,-999
39,gen=47_member=1388_de,0.546798,293.77,1,0.123682,0.0344522,0.0344522,1,-999
39,gen=58_member=224_de,0.775097,216.933,1,0.111446,0.0193005,0.0193005,1,-999
39,gen=49_member=1445_de,0.286408,356.642,1,0.110622,0.0369486,0.0369486,1,-999
39,gen=78_member=823_de,0.0475058,489.887,1,0.107934,0.0100703,0.0100703,1,-999
39,gen=26_member=762_de,0.0677648,445.84,1,0.105715,0.0159043,0.0159043,1,-999
39,gen=45_member=1330_de,0.26417,381.706,1,0.0840074,0.0236155,0.0236155,1,-999
39,gen=69_member=551_de,0.568721,289.96,1,0.0801196,0.0396589,0.0396589,1,-999
39,gen=60_member=276_de,0.321566,351.812,1,0.0711373,0.0313532,0.0313532,1,-999
39,gen=33_member=966_de,0.36641,341.361,1,0.0670888,0.0299982,0.0299982,1,-999
39,gen=17_member=502_de,0.335487,346.296,1,0.0665368,0.0267308,0.0267308,1,-999
39,gen=35_member=1039_de,0.771482,239.143,1,0.0631774,0.0191744,0.0191744,1,-999
39,gen=50_member=1480_de,0.75136,240.604,1,0.0391242,0.0197268,0.0197268,1,-999
39,gen=89_member=1154_de,0.452847,310.026,1,0.158345,0.0333383,0.0333383,1,-999
43,gen=80_member=897_de,0.01,814.441,1,1e+30,0.00305833,0.00305833,1,-999
43,gen=30_member=870_de,0.899246,165.65,1,1e+30,0.0126046,0.0126046,1,-999
43,gen=55_member=143_de,0.0128918,672.121,1,0.350269,0.00541546,0.00541546,1,-999
43,gen=84_member=994_de,0.0387702,587.19,1,0.302547,0.00697594,0.00697594,1,-999
43,gen=43_member=1266_de,0.212021,438.868,1,0.28431,0.0178878,0.0178878,1,-999
43,gen=26_member=752_de,0.648865,266.745,1,0.217623,0.0344522,0.0344522,1,-999
43,gen=20_member=588_de,0.076213,442.245,1,0.240209,0.0171869,0.0171869,1,-999
43,gen=83_member=970_de,0.043865,498.429,1,0.159798,0.0162439,0.0162439,1,-999
43,gen=89_member=1154_de,0.452847,310.026,1,0.158345,0.0333383,0.0333383,1,-999
43,gen=77_member=788_de,0.741957,242.985,1,0.155553,0.0206993,0.0206993,1,-999
43,gen=58_member=216_de,0.250524,384.964,1,0.146749,0.0219285,0.0219285,1,-999
43,gen=14_member=403_de,0.383804,338.022,1,0.145501,0.0333383,0.0333383,1,-999
43,gen=42_member=1237_de,0.801153,188.486,1,0.139612,0.0176992,0.0176992,1,-999
43,gen=58_member=228_de,0.485215,309.278,1,0.130708,0.0325271,0.0325271,1,-999
43,gen=62_member=336_de,0.611911,289.296,1,0.125908,0.0407315,0.0407315,1,-999
43,gen=47_member=1388_de,0.546798,293.77,1,0.123682,0.0344522,0.0344522,1,-999
43,gen=58_member=224_de,0.775097,216.933,1,0.111446,0.0193005,0.0193005,1,-999
43,gen=49_member=1445_de,0.286408,356.642,1,0.110622,0.0369486,0.0369486,1,-999
43,gen=78_member=823_de,0.0475058,489.887,1,0.0406939,0.0188609,0.0188609,1,-999
43,gen=26_member=762_de,0.0677648,445.84,2,-999,0.0183185,0.0183185,1,-999
43,gen=45_member=1330_de,0.26417,381.706,1,0.0840074,0.0236155,0.0236155,1,-999
43,gen=69_member=551_de,0.568721,289.96,1,0.0801196,0.0396589,0.0396589,1,-999
43,gen=60_member=276_de,0.321566,351.812,1,0.0711373,0.0313532,0.0313532,1,-999
43,gen=33_member=966_de,0.36641,341.361,1,0.0670888,0.0299982,0.0299982,1,-999
43,gen=17_member=502_de,0.335487,346.296,1,0.0665368,0.0267308,0.0267308,1,-999
43,gen=35_member=1039_de,0.771482,239.143,1,0.0631774,0.0191744,0.0191744,1,-999
43,gen=50_member=1480_de,0.75136,240.604,1,0.0391242,0.0197268,0.0197268,1,-999
43,gen=93_member=1279_de,0.0677648,489.465,1,0.105715,1.01901,1.01901,1,-999
45,gen=80_member=897_de,0.01,814.441,1,1e+30,0.00306229,0.00306229,1,-999
45,gen=30_member=870_de,0.899246,165.65,1,1e+30,0.0126046,0.0126046,1,-999
45,gen=55_member=143_de,0.0128918,672.121,1,0.316902,0.00542789,0.00542789,1,-999
45,gen=84_member=994_de,0.0387702,587.19,1,0.187054,0.0100276,0.0100276,1,-999
45,gen=43_member=1266_de,0.212021,438.868,1,0.28431,0.0169028,0.0169028,1,-999
45,gen=20_member=588_de,0.076213,442.245,1,0.240209,0.0168687,0.0168687,1,-999
45,gen=26_member=752_de,0.648865,266.745,1,0.217623,0.0344522,0.0344522,1,-999
45,gen=83_member=970_de,0.043865,498.429,1,0.159798,0.011018,0.011018,1,-999
45,gen=89_member=1154_de,0.452847,310.026,1,0.100212,0.0439929,0.0439929,1,-999
45,gen=77_member=788_de,0.741957,242.985,1,0.155553,0.0206993,0.0206993,1,-999
45,gen=58_member=216_de,0.250524,384.964,1,0.146749,0.0219285,0.0219285,1,-999
45,gen=14_member=403_de,0.383804,338.022,1,0.0828408,0.048496,0.048496,1,-999
45,gen=42_member=1237_de,0.801153,188.486,1,0.139612,0.0176992,0.0176992,1,-999
45,gen=58_member=228_de,0.485215,309.278,1,0.130708,0.0454901,0.0454901,1,-999
45,gen=62_member=336_de,0.611911,289.296,1,0.125908,0.0407315,0.0407315,1,-999
45,gen=47_member=1388_de,0.546798,293.77,1,0.123682,0.036004,0.036004,1,-999
45,gen=58_member=224_de,0.775097,216.933,1,0.111446,0.0193005,0.0193005,1,-999
45,gen=49_member=1445_de,0.286408,356.642,1,0.110622,0.0369486,0.0369486,1,-999
45,gen=93_member=1279_de,0.0677648,489.465,1,0.105715,0.0100276,0.0100276,1,-999
45,gen=45_member=1330_de,0.26417,381.706,1,0.0840074,0.0236155,0.0236155,1,-999
45,gen=69_member=551_de,0.568721,289.96,1,0.0801196,0.0396589,0.0396589,1,-999
45,gen=60_member=276_de,0.321566,351.812,1,0.0711373,0.0313532,0.0313532,1,-999
45,gen=33_member=966_de,0.36641,341.361,1,0.0670888,0.0419873,0.0419873,1,-999
45,gen=17_member=502_de,0.335487,346.296,1,0.0665368,0.0347805,0.0347805,1,-999
45,gen=35_member=1039_de,0.771482,239.143,1,0.0631774,0.0191744,0.0191744,1,-999
45,gen=78_member=823_de,0.0475058,489.887,1,0.0406939,0.0100703,0.0100703,1,-999
45,gen=50_member=1480_de,0.75136,240.604,1,0.0391242,0.0197268,0.0197268,1,-999
45,gen=95_member=1322_de,0.0288562,608.838,1,0.160009,0.00823906,0.00823906,1,-999
45,gen=95_member=1349_de,0.410173,319.545,1,0.120793,0.036004,0.036004,1,-999
47,gen=30_member=870_de,0.899246,165.65,1,1e+30,0.0126046,0.0126046,1,-999
47,gen=80_member=897_de,0.01,814.441,1,1e+30,0.00314454,0.00314454,1,-999
47,gen=55_member=143_de,0.0128918,672.121,1,0.316902,0.00569179,0.00569179,1,-999
47,gen=43_member=1266_de,0.212021,438.868,1,0.28431,0.0169028,0.0169028,1,-999
47,gen=20_member=588_de,0.076213,442.245,1,0.240209,0.0171266,0.0171266,1,-999
47,gen=26_member=752_de,0.648865,266.745,1,0.217623,0.0344522,0.0344522,1,-999
47,gen=84_member=994_de,0.0387702,587.19,1,0.190833,0.0100703,0.0100703,1,-999
47,gen=95_member=1322_de,0.0288562,608.838,1,0.160009,0.00826786,0.00826786,1,-999
47,gen=83_member=970_de,0.043865,498.429,2,1e+30,0.0162439,0.0162439,1,-999
47,gen=77_member=788_de,0.741957,242.985,1,0.155553,0.0206993,0.0206993,1,-999
47,gen=58_member=216_de,0.250524,384.964,1,0.146749,0.0219285,0.0219285,1,-999
47,gen=42_member=1237_de,0.801153,188.486,1,0.139612,0.0176992,0.0176992,1,-999
47,gen=58_member=228_de,0.485215,309.278,1,0.130708,0.0454901,0.0454901,1,-999
47,gen=62_member=336_de,0.611911,289.296,1,0.125908,0.0407315,0.0407315,1,-999
47,gen=47_member=1388_de,0.546798,293.77,1,0.123682,0.036004,0.036004,1,-999
47,gen=95_member=1349_de,0.410173,319.545,1,0.120793,0.036004,0.036004,1,-999
47,gen=58_member=224_de,0.775097,216.933,1,0.111446,0.0193005,0.0193005,1,-999
47,gen=49_member=1445_de,0.286408,356.642,1,0.110622,0.0369486,0.0369486,1,-999
47,gen=93_member=1279_de,0.0677648,489.465,1,0.119196,0.0190126,0.0190126,1,-999
47,gen=89_member=1154_de,0.452847,310.026,1,0.100212,0.0439929,0.0439929,1,-999
47,gen=45_member=1330_de,0.26417,381.706,1,0.0840074,0.0236155,0.0236155,1,-999
47,gen=14_member=403_de,0.383804,338.022,1,0.0828408,0.048496,0.048496,1,-999
47,gen=69_member=551_de,0.568721,289.96,1,0.0801196,0.0396589,0.0396589,1,-999
47,gen=60_member=276_de,0.321566,351.812,1,0.0711373,0.0313532,0.0313532,1,-999
47,gen=33_member=966_de,0.36641,341.361,1,0.0670888,0.0419873,0.0419873,1,-999
47,gen=17_member=502_de,0.335487,346.296,1,0.0665368,0.0347805,0.0347805,1,-999
47,gen=35_member=1039_de,0.771482,239.143,1,0.0631774,0.0191744,0.0191744,1,-999
47,gen=78_member=823_de,0.0475058,489.887,2,1e+30,0.0188609,0.0188609,1,-999
47,gen=50_member=1480_de,0.75136,240.604,1,0.0391242,0.0197268,0.0197268,1,-999
47,gen=97_member=1402_de,0.0475058,498.634,1,0.183232,2.01619,2.01619,1,-999
48,gen=30_member=870_de,0.899246,165.65,1,1e+30,0.0126046,0.0126046,1,-999
48,gen=80_member=897_de,0.01,814.441,1,1e+30,0.00305833,0.00305833,1,-999
48,gen=55_member=143_de,0.0128918,672.121,1,0.316902,0.00541546,0.00541546,1,-999
48,gen=43_member=1266_de,0.212021,438.868,1,0.28431,0.0161901,0.0161901,1,-999
48,gen=20_member=588_de,0.076213,442.245,1,0.240209,0.0159899,0.0159899,1,-999
48,gen=26_member=752_de,0.648865,266.745,1,0.176145,0.0355348,0.0355348,1,-999
48,gen=84_member=994_de,0.0387702,587.19,1,0.190833,0.0068053,0.0068053,1,-999
48,gen=97_member=1402_de,0.0475058,498.634,1,0.183232,0.00891235,0.00891235,1,-999
48,gen=95_member=1322_de,0.0288562,608.838,1,0.160009,0.00593147,0.00593147,1,-999
48,gen=77_member=788_de,0.741957,242.985,1,0.155553,0.02769,0.02769,1,-999
48,gen=58_member=216_de,0.250524,384.964,1,0.146749,0.0219285,0.0219285,1,-999
48,gen=42_member=1237_de,0.801153,188.486,1,0.139612,0.0176992,0.0176992,1,-999
48,gen=58_member=228_de,0.485215,309.278,1,0.130708,0.0454901,0.0454901,1,-999
48,gen=62_member=336_de,0.611911,289.296,1,0.09107,0.0439929,0.0439929,1,-999
48,gen=47_member=1388_de,0.546798,293.77,1,0.123682,0.0535578,0.0535578,1,-999
48,gen=95_member=1349_de,0.410173,319.545,1,0.120793,0.036004,0.036004,1,-999
48,gen=93_member=1279_de,0.0677648,489.465,1,0.119196,0.0093896,0.0093896,1,-999
48,gen=58_member=224_de,0.775097,216.933,1,0.111446,0.0193005,0.0193005,1,-999
48,gen=49_member=1445_de,0.286408,356.642,1,0.110622,0.0369486,0.0369486,1,-999
48,gen=89_member=1154_de,0.452847,310.026,1,0.100212,0.0439929,0.0439929,1,-999
48,gen=45_member=1330_de,0.26417,381.706,1,0.0840074,0.0236155,0.0236155,1,-999
48,gen=14_member=403_de,0.383804,338.022,1,0.0828408,0.048496,0.048496,1,-999
48,gen=69_member=551_de,0.568721,289.96,1,0.0801196,0.0453171,0.0453171,1,-999
48,gen=60_member=276_de,0.321566,351.812,1,0.0711373,0.0313532,0.0313532,1,-999
48,gen=33_member=966_de,0.36641,341.361,1,0.0670888,0.0419873,0.0419873,1,-999
48,gen=17_member=502_de,0.335487,346.296,1,0.0665368,0.0347805,0.0347805,1,-999
48,gen=35_member=1039_de,0.771482,239.143,1,0.0631774,0.0250274,0.0250274,1,-999
48,gen=50_member=1480_de,0.75136,240.604,1,0.0391242,0.0259769,0.0259769,1,-999
48,gen=98_member=1412_de,0.632078,277.099,1,0.0763148,0.0292574,0.0292574,1,-999
52,gen=30_member=870_de,0.899246,165.65,1,1e+30,0.0126046,0.0126046,1,-999
52,gen=80_member=897_de,0.01,814.441,1,1e+30,0.00305833,0.00305833,1,-999
52,gen=55_member=143_de,0.0128918,672.121,1,0.316902,0.00541546,0.00541546,1,-999
52,gen=43_member=1266_de,0.212021,438.868,1,0.28431,0.0161901,0.0161901,1,-999
52,gen=20_member=588_de,0.076213,442.245,1,0.240209,0.0159899,0.0159899,1,-999
52,gen=84_member=994_de,0.0387702,587.19,1,0.190833,0.0068053,0.0068053,1,-999
52,gen=97_member=1402_de,0.0475058,498.634,1,0.183232,0.00891235,0.00891235,1,-999
52,gen=26_member=752_de,0.648865,266.745,1,0.176145,0.0355348,0.0355348,1,-999
52,gen=95_member=1322_de,0.0288562,608.838,1,0.160009,0.00593147,0.00593147,1,-999
52,gen=77_member=788_de,0.741957,242.985,1,0.155553,0.02769,0.02769,1,-999
52,gen=58_member=216_de,0.250524,384.964,1,0.146749,0.0219285,0.0219285,1,-999
52,gen=42_member=1237_de,0.801153,188.486,1,0.139612,0.0176992,0.0176992,1,-999
52,gen=58_member=228_de,0.485215,309.278,1,0.130708,0.0469072,0.0469072,1,-999
52,gen=47_member=1388_de,0.546798,293.77,1,0.123682,0.0535578,0.0535578,1,-999
52,gen=95_member=1349_de,0.410173,319.545,1,0.103807,0.0419873,0.0419873,1,-999
52,gen=93_member=1279_de,0.0677648,489.465,1,0.119196,0.0093896,0.0093896,1,-999
52,gen=58_member=224_de,0.775097,216.933,1,0.111446,0.0193005,0.0193005,1,-999
52,gen=49_member=1445_de,0.286408,356.642,1,0.110622,0.0369486,0.0369486,1,-999
52,gen=89_member=1154_de,0.452847,310.026,1,0.0545378,0.0453171,0.0453171,1,-999
52,gen=62_member=336_de,0.611911,289.296,1,0.09107,0.0439929,0.0439929,1,-999
52,gen=45_member=1330_de,0.26417,381.706,1,0.0840074,0.0236155,0.0236155,1,-999
52,gen=14_member=403_de,0.383804,338.022,1,0.0828408,0.048496,0.048496,1,-999
52,gen=69_member=551_de,0.568721,289.96,1,0.0801196,0.0453171,0.0453171,1,-999
52,gen=98_member=1412_de,0.632078,277.099,1,0.0763148,0.0292574,0.0292574,1,-999
52,gen=60_member=276_de,0.321566,351.812,1,0.0711373,0.0313532,0.0313532,1,-999
52,gen=33_member=966_de,0.36641,341.361,1,0.0670888,0.0419873,0.0419873,1,-999
52,gen=17_member=502_de,0.335487,346.296,1,0.0665368,0.0347805,0.0347805,1,-999
52,gen=35_member=1039_de,0.771482,239.143,1,0.0631774,0.0250274,0.0250274,1,-999
52,gen=50_member=1480_de,0.75136,240.604,1,0.0391242,0.0259769,0.0259769,1,-999
52,gen=102_member=1553_de,0.441124,312.493,1,0.0626598,0.04076,0.04076,1,-999
54,gen=30_member=870_de,0.899246,165.65,1,1e+30,0.0126046,0.0126046,1,-999
54,gen=80_member=897_de,0.01,814.441,1,1e+30,0.00314656,0.00314656,1,-999
54,gen=55_member=143_de,0.0128918,672.121,1,0.316902,0.00569842,0.00569842,1,-999
54,gen=43_member=1266_de,0.212021,438.868,1,0.28431,0.0161901,0.0161901,1,-999
54,gen=20_member=588_de,0.076213,442.245,1,0.240209,0.0159899,0.0159899,1,-999
54,gen=84_member=994_de,0.0387702,587.19,2,-999,0.0100276,0.0100276,1,-999
54,gen=97_member=1402_de,0.0475058,498.634,1,0.216312,0.00892716,0.00892716,1,-999
54,gen=26_member=752_de,0.648865,266.745,1,0.176145,0.0355348,0.0355348,1,-999
54,gen=95_member=1322_de,0.0288562,608.838,1,0.126929,0.00823906,0.00823906,1,-999
54,gen=77_member=788_de,0.741957,242.985,1,0.155553,0.02769,0.02769,1,-999
54,gen=58_member=216_de,0.250524,384.964,1,0.146749,0.0219285,0.0219285,1,-999
54,gen=42_member=1237_de,0.801153,188.486,1,0.139612,0.0176992,0.0176992,1,-999
54,gen=58_member=228_de,0.485215,309.278,1,0.130708,0.0469072,0.0469072,1,-999
54,gen=47_member=1388_de,0.546798,293.77,1,0.123682,0.0535578,0.0535578,1,-999
54,gen=93_member=1279_de,0.0677648,489.465,1,0.119196,0.0093896,0.0093896,1,-999
54,gen=58_member=224_de,0.775097,216.933,1,0.111446,0.0193005,0.0193005,1,-999
54,gen=49_member=1445_de,0.286408,356.642,1,0.110622,0.0369486,0.0369486,1,-999
54,gen=95_member=1349_de,0.410173,319.545,1,0.103807,0.0419873,0.0419873,1,-999
54,gen=62_member=336_de,0.611911,289.296,1,0.09107,0.0439929,0.0439929,1,-999
54,gen=45_member=1330_de,0.26417,381.706,1,0.0840074,0.0236155,0.0236155,1,-999
54,gen=14_member=403_de,0.383804,338.022,1,0.0828408,0.048496,0.048496,1,-999
54,gen=69_member=551_de,0.568721,289.96,1,0.0801196,0.0453171,0.0453171,1,-999
54,gen=98_member=1412_de,0.632078,277.099,1,0.0763148,0.0292574,0.0292574,1,-999
54,gen=60_member=276_de,0.321566,351.812,1,0.0711373,0.0313532,0.0313532,1,-999
54,gen=33_member=966_de,0.36641,341.361,1,0.0670888,0.0419873,0.0419873,1,-999
54,gen=17_member=502_de,0.335487,346.296,1,0.0665368,0.0347805,0.0347805,1,-999
54,gen=35_member=1039_de,0.771482,239.143,1,0.0631774,0.0250274,0.0250274,1,-999
54,gen=102_member=1553_de,0.441124,312.493,1,0.0626598,0.04076,0.04076,1,-999
54,gen=89_member=1154_de,0.452847,310.026,1,0.0545378,0.0453171,0.0453171,1,-999
54,gen=50_member=1480_de,0.75136,240.604,1,0.0391242,0.0259769,0.0259769,1,-999
54,gen=104_member=1595_de,0.0387702,608.651,1,0.190833,1.00825,1.00825,1,-999
61,gen=30_member=870_de,0.899246,165.65,1,1e+30,0.0126046,0.0126046,1,-999
61,gen=80_member=897_de,0.01,814.441,1,1e+30,0.00305833,0.00305833,1,-999
61,gen=55_member=143_de,0.0128918,672.121,1,0.316902,0.00541546,0.00541546,1,-999
61,gen=43_member=1266_de,0.212021,438.868,1,0.28431,0.0161901,0.0161901,1,-999
61,gen=20_member=588_de,0.076213,442.245,1,0.240209,0.0159899,0.0159899,1,-999
61,gen=97_member=1402_de,0.0475058,498.634,1,0.216312,0.00891235,0.00891235,1,-999
61,gen=104_member=1595_de,0.0387702,608.651,1,0.190833,0.00593802,0.00593802,1,-999
61,gen=26_member=752_de,0.648865,266.745,1,0.176145,0.0355348,0.0355348,1,-999
61,gen=77_member=788_de,0.741957,242.985,1,0.155553,0.02769,0.02769,1,-999
61,gen=58_member=216_de,0.250524,384.964,1,0.146749,0.0219285,0.0219285,1,-999
61,gen=42_member=1237_de,0.801153,188.486,1,0.139612,0.0176992,0.0176992,1,-999
61,gen=58_member=228_de,0.485215,309.278,1,0.129905,0.0571168,0.0571168,1,-999
61,gen=95_member=1322_de,0.0288562,608.838,1,0.126929,0.00593147,0.00593147,1,-999
61,gen=47_member=1388_de,0.546798,293.77,2,-999,0.0547763,0.0547763,1,-999
61,gen=93_member=1279_de,0.0677648,489.465,1,0.119196,0.0091109,0.0091109,1,-999
61,gen=58_member=224_de,0.775097,216.933,1,0.111446,0.0193005,0.0193005,1,-999
61,gen=49_member=1445_de,0.286408,356.642,1,0.110622,0.0369486,0.0369486,1,-999
61,gen=95_member=1349_de,0.410173,319.545,1,0.103807,0.0419873,0.0419873,1,-999
61,gen=62_member=336_de,0.611911,289.296,1,0.09107,0.0454901,0.0454901,1,-999
61,gen=45_member=1330_de,0.26417,381.706,1,0.0840074,0.0236155,0.0236155,1,-999
61,gen=14_member=403_de,0.383804,338.022,1,0.0828408,0.048496,0.048496,1,-999
61,gen=69_member=551_de,0.568721,289.96,1,0.0809221,0.0469072,0.0469072,1,-999
61,gen=98_member=1412_de,0.632078,277.099,1,0.0763148,0.0468143,0.0468143,1,-999
61,gen=60_member=276_de,0.321566,351.812,1,0.0711373,0.0313532,0.0313532,1,-999
61,gen=33_member=966_de,0.36641,341.361,1,0.0670888,0.0419873,0.0419873,1,-999
61,gen=17_member=502_de,0.335487,346.296,1,0.0665368,0.0347805,0.0347805,1,-999
61,gen=35_member=1039_de,0.771482,239.143,1,0.0631774,0.0250274,0.0250274,1,-999
61,gen=102_member=1553_de,0.441124,312.493,1,0.0626598,0.0482552,0.0482552,1,-999
61,gen=89_member=1154_de,0.452847,310.026,1,0.0545378,0.0547763,0.0547763,1,-999
61,gen=50_member=1480_de,0.75136,240.604,1,0.0391242,0.0259769,0.0259769,1,-999
61,gen=111_member=1821_de,0.549771,296.46,1,0.123682,1.06424,1.06424,1,-999
64,gen=30_member=870_de,0.899246,165.65,1,1e+30,0.0126046,0.0126046,1,-999
64,gen=80_member=897_de,0.01,814.441,1,1e+30,0.00305833,0.00305833,1,-999
64,gen=55_member=143_de,0.0128918,672.121,1,0.316902,0.00541546,0.00541546,1,-999
64,gen=43_member=1266_de,0.212021,438.868,1,0.253285,0.0169028,0.0169028,1,-999
64,gen=20_member=588_de,0.076213,442.245,1,0.240209,0.0168687,0.0168687,1,-999
64,gen=97_member=1402_de,0.0475058,498.634,1,0.216312,0.00892716,0.00892716,1,-999
64,gen=104_member=1595_de,0.0387702,608.651,1,0.190833,0.00593802,0.00593802,1,-999
64,gen=26_member=752_de,0.648865,266.745,1,0.176145,0.0355348,0.0355348,1,-999
64,gen=77_member=788_de,0.741957,242.985,1,0.155553,0.02769,0.02769,1,-999
64,gen=58_member=216_de,0.250524,384.964,1,0.0513925,0.0245895,0.0245895,1,-999
64,gen=42_member=1237_de,0.801153,188.486,1,0.139612,0.0176992,0.0176992,1,-999
64,gen=58_member=228_de,0.485215,309.278,1,0.129905,0.0469072,0.0469072,1,-999
64,gen=95_member=1322_de,0.0288562,608.838,1,0.126929,0.00593147,0.00593147,1,-999
64,gen=111_member=1821_de,0.549771,296.46,1,0.123682,0.055452,0.055452,1,-999
64,gen=93_member=1279_de,0.0677648,489.465,1,0.119196,0.0093896,0.0093896,1,-999
64,gen=58_member=224_de,0.775097,216.933,1,0.111446,0.0193005,0.0193005,1,-999
64,gen=49_member=1445_de,0.286408,356.642,1,0.110622,0.0369486,0.0369486,1,-999
64,gen=95_member=1349_de,0.410173,319.545,1,0.103807,0.0419873,0.0419873,1,-999
64,gen=62_member=336_de,0.611911,289.296,1,0.09107,0.0439929,0.0439929,1,-999
64,gen=45_member=1330_de,0.26417,381.706,1,0.0840074,0.0267308,0.0267308,1,-999
64,gen=14_member=403_de,0.383804,338.022,1,0.0828408,0.048496,0.048496,1,-999
64,gen=69_member=551_de,0.568721,289.96,1,0.0809221,0.0453171,0.0453171,1,-999
64,gen=98_member=1412_de,0.632078,277.099,1,0.0763148,0.0292574,0.0292574,1,-999
64,gen=60_member=276_de,0.321566,351.812,1,0.0711373,0.0313532,0.0313532,1,-999
64,gen=33_member=966_de,0.36641,341.361,1,0.0670888,0.0419873,0.0419873,1,-999
64,gen=17_member=502_de,0.335487,346.296,1,0.0665368,0.0347805,0.0347805,1,-999
64,gen=35_member=1039_de,0.771482,239.143,1,0.0631774,0.0250274,0.0250274,1,-999
64,gen=102_member=1553_de,0.441124,312.493,1,0.0626598,0.04076,0.04076,1,-999
64,gen=89_member=1154_de,0.452847,310.026,1,0.0545378,0.0453171,0.0453171,1,-999
64,gen=50_member=1480_de,0.75136,240.604,1,0.0391242,0.0259769,0.0259769,1,-999
64,gen=114_member=1907_de,0.234987,393.757,1,0.126382,0.0212265,0.0212265,1,-999
66,gen=30_member=870_de,0.899246,165.65,1,1e+30,0.0129947,0.0129947,1,-999
66,gen=80_member=897_de,0.01,814.441,1,1e+30,0.00305833,0.00305833,1,-999
66,gen=55_member=143_de,0.0128918,672.121,1,0.316902,0.00541546,0.00541546,1,-999
66,gen=43_member=1266_de,0.212021,438.868,1,0.253285,0.0169028,0.0169028,1,-999
66,gen=20_member=588_de,0.076213,442.245,1,0.240209,0.0168687,0.0168687,1,-999
66,gen=97_member=1402_de,0.0475058,498.634,1,0.216312,0.00892716,0.00892716,1,-999
66,gen=104_member=1595_de,0.0387702,608.651,1,0.190833,0.00593802,0.00593802,1,-999
66,gen=26_member=752_de,0.648865,266.745,1,0.176145,0.0355348,0.0355348,1,-999
66,gen=77_member=788_de,0.741957,242.985,1,0.155553,0.02769,0.02769,1,-999
66,gen=42_member=1237_de,0.801153,188.486,1,0.121739,0.0184781,0.0184781,1,-999
66,gen=58_member=228_de,0.485215,309.278,1,0.129905,0.0469072,0.0469072,1,-999
66,gen=95_member=1322_de,0.0288562,608.838,1,0.126929,0.00593147,0.00593147,1,-999
66,gen=114_member=1907_de,0.234987,393.757,1,0.126382,0.0212265,0.0212265,1,-999
66,gen=111_member=1821_de,0.549771,296.46,1,0.123682,0.055452,0.055452,1,-999
66,gen=93_member=1279_de,0.0677648,489.465,1,0.119196,0.0093896,0.0093896,1,-999
66,gen=58_member=224_de,0.775097,216.933,1,0.111446,0.0260113,0.0260113,1,-999
66,gen=49_member=1445_de,0.286408,356.642,1,0.110622,0.0369486,0.0369486,1,-999
66,gen=95_member=1349_de,0.410173,319.545,1,0.103807,0.0419873,0.0419873,1,-999
66,gen=62_member=336_de,0.611911,289.296,1,0.09107,0.0439929,0.0439929,1,-999
66,gen=45_member=1330_de,0.26417,381.706,1,0.0840074,0.0267308,0.0267308,1,-999
66,gen=14_member=403_de,0.383804,338.022,1,0.0828408,0.048496,0.048496,1,-999
66,gen=69_member=551_de,0.568721,289.96,1,0.0809221,0.0453171,0.0453171,1,-999
66,gen=98_member=1412_de,0.632078,277.099,1,0.0763148,0.0292574,0.0292574,1,-999
66,gen=60_member=276_de,0.321566,351.812,1,0.0711373,0.0313532,0.0313532,1,-999
66,gen=33_member=966_de,0.36641,341.361,1,0.0670888,0.0419873,0.0419873,1,-999
66,gen=17_member=502_de,0.335487,346.296,1,0.0665368,0.0347805,0.0347805,1,-999
66,gen=35_member=1039_de,0.771482,239.143,1,0.0631774,0.0250274,0.0250274,1,-999
66,gen=102_member=1553_de,0.441124,312.493,1,0.0626598,0.04076,0.04076,1,-999
66,gen=89_member=1154_de,0.452847,310.026,1,0.0545378,0.0453171,0.0453171,1,-999
66,gen=58_member=216_de,0.250524,384.964,1,0.0513925,0.0245895,0.0245895,1,-999
66,gen=50_member=1480_de,0.75136,240.604,1,0.0391242,0.0259769,0.0259769,1,-999
66,gen=116_member=1958_de,0.833401,180.488,1,0.11031,0.0160991,0.0160991,1,-999
68,gen=30_member=870_de,0.899246,165.65,1,1e+30,0.0129947,0.0129947,1,-999
68,gen=80_member=897_de,0.01,814.441,1,1e+30,0.00305833,0.00305833,1,-999
68,gen=55_member=143_de,0.0128918,672.121,1,0.316902,0.00541546,0.00541546,1,-999
68,gen=43_member=1266_de,0.212021,438.868,1,0.253285,0.0169028,0.0169028,1,-999
68,gen=20_member=588_de,0.076213,442.245,1,0.240209,0.0168687,0.0168687,1,-999
68,gen=97_member=1402_de,0.0475058,498.634,1,0.216312,0.00892716,0.00892716,1,-999
68,gen=104_member=1595_de,0.0387702,608.651,1,0.190833,0.00593802,0.00593802,1,-999
68,gen=26_member=752_de,0.648865,266.745,1,0.176145,0.0355348,0.0355348,1,-999
68,gen=77_member=788_de,0.741957,242.985,1,0.155553,0.02769,0.02769,1,-999
68,gen=58_member=228_de,0.485215,309.278,1,0.129905,0.0469072,0.0469072,1,-999
68,gen=95_member=1322_de,0.0288562,608.838,1,0.126929,0.00593147,0.00593147,1,-999
68,gen=114_member=1907_de,0.234987,393.757,1,0.126382,0.0212265,0.0212265,1,-999
68,gen=111_member=1821_de,0.549771,296.46,1,0.123682,0.055452,0.055452,1,-999
68,gen=42_member=1237_de,0.801153,188.486,1,0.121739,0.0184781,0.0184781,1,-999
68,gen=93_member=1279_de,0.0677648,489.465,1,0.119196,0.0093896,0.0093896,1,-999
68,gen=58_member=224_de,0.775097,216.933,1,0.111446,0.0260113,0.0260113,1,-999
68,gen=49_member=1445_de,0.286408,356.642,1,0.110622,0.048496,0.048496,1,-999
68,gen=116_member=1958_de,0.833401,180.488,1,0.11031,0.0160991,0.0160991,1,-999
68,gen=95_member=1349_de,0.410173,319.545,1,0.103807,0.0419873,0.0419873,1,-999
68,gen=62_member=336_de,0.611911,289.296,1,0.09107,0.0439929,0.0439929,1,-999
68,gen=45_member=1330_de,0.26417,381.706,1,0.0840074,0.0282544,0.0282544,1,-999
68,gen=14_member=403_de,0.383804,338.022,1,0.0932859,0.0488353,0.0488353,1,-999
68,gen=69_member=551_de,0.568721,289.96,1,0.0809221,0.0453171,0.0453171,1,-999
68,gen=98_member=1412_de,0.632078,277.099,1,0.0763148,0.0292574,0.0292574,1,-999
68,gen=60_member=276_de,0.321566,351.812,1,0.103073,0.0633307,0.0633307,1,-999
68,gen=33_member=966_de,0.36641,341.361,2,1e+30,0.0578686,0.0578686,1,-999
68,gen=17_member=502_de,0.335487,346.296,2,1e+30,0.0810014,0.0810014,1,-999
68,gen=35_member=1039_de,0.771482,239.143,1,0.0631774,0.0250274,0.0250274,1,-999
68,gen=102_member=1553_de,0.441124,312.493,1,0.0626598,0.04076,0.04076,1,-999
68,gen=89_member=1154_de,0.452847,310.026,1,0.0545378,0.0453171,0.0453171,1,-999
68,gen=58_member=216_de,0.250524,384.964,1,0.0513925,0.0258729,0.0258729,1,-999
68,gen=50_member=1480_de,0.75136,240.604,1,0.0391242,0.0259769,0.0259769,1,-999
68,gen=118_member=2020_de,0.366651,348.314,1,0.0912448,2.08135,2.08135,1,-999
69,gen=30_member=870_de,0.899246,165.65,1,1e+30,0.0129947,0.0129947,1,-999
69,gen=80_member=897_de,0.01,814.441,1,1e+30,0.00305833,0.00305833,1,-999
69,gen=55_member=143_de,0.0128918,672.121,1,0.316902,0.00541546,0.00541546,1,-999
69,gen=43_member=1266_de,0.212021,438.868,1,0.253285,0.0169028,0.0169028,1,-999
69,gen=20_member=588_de,0.076213,442.245,1,0.240209,0.0168687,0.0168687,1,-999
69,gen=97_member=1402_de,0.0475058,498.634,1,0.216312,0.00892716,0.00892716,1,-999
69,gen=104_member=1595_de,0.0387702,608.651,1,0.190833,0.00593802,0.00593802,1,-999
69,gen=26_member=752_de,0.648865,266.745,1,0.176145,0.0388203,0.0388203,1,-999
69,gen=77_member=788_de,0.741957,242.985,1,0.155553,0.02769,0.02769,1,-999
69,gen=58_member=228_de,0.485215,309.278,1,0.129905,0.0469072,0.0469072,1,-999
69,gen=95_member=1322_de,0.0288562,608.838,1,0.126929,0.00593147,0.00593147,1,-999
69,gen=114_member=1907_de,0.234987,393.757,1,0.126382,0.0212265,0.0212265,1,-999
69,gen=111_member=1821_de,0.549771,296.46,1,0.123682,0.0642404,0.0642404,1,-999
69,gen=42_member=1237_de,0.801153,188.486,1,0.121739,0.0184781,0.0184781,1,-999
69,gen=93_member=1279_de,0.0677648,489.465,1,0.119196,0.0093896,0.0093896,1,-999
69,gen=58_member=224_de,0.775097,216.933,1,0.111446,0.0260113,0.0260113,1,-999
69,gen=49_member=1445_de,0.286408,356.642,1,0.110622,0.0329789,0.0329789,1,-999
69,gen=116_member=1958_de,0.833401,180.488,1,0.11031,0.0160991,0.0160991,1,-999
69,gen=95_member=1349_de,0.410173,319.545,1,0.103807,0.0398643,0.0398643,1,-999
69,gen=60_member=276_de,0.321566,351.812,1,0.103073,0.0291825,0.0291825,1,-999
69,gen=14_member=403_de,0.383804,338.022,1,0.0932859,0.036326,0.036326,1,-999
69,gen=118_member=2020_de,0.366651,348.314,1,0.0912448,0.0282544,0.0282544,1,-999
69,gen=62_member=336_de,0.611911,289.296,1,0.0608071,0.0454901,0.0454901,1,-999
69,gen=45_member=1330_de,0.26417,381.706,1,0.0840074,0.0282544,0.0282544,1,-999
69,gen=69_member=551_de,0.568721,289.96,1,0.0809221,0.0469072,0.0469072,1,-999
69,gen=98_member=1412_de,0.632078,277.099,1,0.0651005,0.0468143,0.0468143,1,-999
69,gen=35_member=1039_de,0.771482,239.143,1,0.0631774,0.0250274,0.0250274,1,-999
69,gen=102_member=1553_de,0.441124,312.493,1,0.0626598,0.04076,0.04076,1,-999
69,gen=89_member=1154_de,0.452847,310.026,1,0.0545378,0.0453171,0.0453171,1,-999
69,gen=58_member=216_de,0.250524,384.964,1,0.0513925,0.0258729,0.0258729,1,-999
69,gen=50_member=1480_de,0.75136,240.604,1,0.0391242,0.0259769,0.0259769,1,-999
69,gen=119_member=2047_de,0.617597,286.169,1,0.0414772,0.0466771,0.0466771,1,-999
73,gen=30_member=870_de,0.899246,165.65,1,0.111884,0.0132461,0.0132461,1,-999
73,gen=80_member=897_de,0.01,814.441,1,1e+30,0.00305833,0.00305833,1,-999
73,gen=55_member=143_de,0.0128918,672.121,1,0.287174,0.00541546,0.00541546,1,-999
73,gen=43_member=1266_de,0.212021,438.868,1,0.238978,0.0169028,0.0169028,1,-999
73,gen=20_member=588_de,0.076213,442.245,1,0.226264,0.0168687,0.0168687,1,-999
73,gen=97_member=1402_de,0.0475058,498.634,1,0.197746,0.00892716,0.00892716,1,-999
73,gen=104_member=1595_de,0.0387702,608.651,1,0.174041,0.00593802,0.00593802,1,-999
73,gen=26_member=752_de,0.648865,266.745,1,0.166164,0.0388203,0.0388203,1,-999
73,gen=77_member=788_de,0.741957,242.985,1,0.147063,0.02769,0.02769,1,-999
73,gen=58_member=228_de,0.485215,309.278,1,0.12349,0.0469072,0.0469072,1,-999
73,gen=95_member=1322_de,0.0288562,608.838,1,0.116563,0.00593147,0.00593147,1,-999
73,gen=114_member=1907_de,0.234987,393.757,1,0.116819,0.0212265,0.0212265,1,-999
73,gen=111_member=1821_de,0.549771,296.46,1,0.117052,0.0642404,0.0642404,1,-999
73,gen=42_member=1237_de,0.801153,188.486,1,0.11379,0.0184781,0.0184781,1,-999
73,gen=93_member=1279_de,0.0677648,489.465,1,0.109723,0.0093896,0.0093896,1,-999
73,gen=58_member=224_de,0.775097,216.933,1,0.102758,0.0260113,0.0260113,1,-999
73,gen=49_member=1445_de,0.286408,356.642,1,0.103662,0.0329789,0.0329789,1,-999
73,gen=116_member=1958_de,0.833401,180.488,1,0.137699,0.0160991,0.0160991,1,-999
73,gen=95_member=1349_de,0.410173,319.545,1,0.097482,0.0398643,0.0398643,1,-999
73,gen=60_member=276_de,0.321566,351.812,1,0.0981815,0.0291825,0.0291825,1,-999
73,gen=14_member=403_de,0.383804,338.022,1,0.0871262,0.036326,0.036326,1,-999
73,gen=118_member=2020_de,0.366651,348.314,1,0.0863908,0.0282544,0.0282544,1,-999
73,gen=45_member=1330_de,0.26417,381.706,1,0.0782632,0.0282544,0.0282544,1,-999
73,gen=69_member=551_de,0.568721,289.96,1,0.0770308,0.0469072,0.0469072,1,-999
73,gen=98_member=1412_de,0.632078,277.099,1,0.0608552,0.0468143,0.0468143,1,-999
73,gen=35_member=1039_de,0.771482,239.143,1,0.0586641,0.0250274,0.0250274,1,-999
73,gen=102_member=1553_de,0.441124,312.493,1,0.0593226,0.04076,0.04076,1,-999
73,gen=62_member=336_de,0.611911,289.296,1,0.058013,0.0454901,0.0454901,1,-999
73,gen=89_member=1154_de,0.452847,310.026,1,0.0520469,0.0453171,0.0453171,1,-999
73,gen=58_member=216_de,0.250524,384.964,1,0.048309,0.0258729,0.0258729,1,-999
73,gen=119_member=2047_de,0.617597,286.169,1,0.038787,0.0466771,0.0466771,1,-999
73,gen=50_member=1480_de,0.75136,240.604,1,0.0372119,0.0259769,0.0259769,1,-999
73,gen=123_member=2187_de,0.937131,98.4865,1,1e+30,0.00700983,0.00700983,1,-999
78,gen=123_member=2187_de,0.937131,98.4865,1,1e+30,0.00700983,0.00700983,1,-999
78,gen=80_member=897_de,0.01,814.441,1,1e+30,0.00305833,0.00305833,1,-999
78,gen=55_member=143_de,0.0128918,672.121,1,0.287174,0.00541546,0.00541546,1,-999
78,gen=43_member=1266_de,0.212021,438.868,1,0.238978,0.0169028,0.0169028,1,-999
78,gen=20_member=588_de,0.076213,442.245,1,0.226264,0.0168687,0.0168687,1,-999
78,gen=97_member=1402_de,0.0475058,498.634,1,0.197746,0.00892716,0.00892716,1,-999
78,gen=104_member=1595_de,0.0387702,608.651,1,0.174041,0.00593802,0.00593802,1,-999
78,gen=26_member=752_de,0.648865,266.745,1,0.166164,0.0388203,0.0388203,1,-999
78,gen=77_member=788_de,0.741957,242.985,1,0.147063,0.02769,0.02769,1,-999
78,gen=116_member=1958_de,0.833401,180.488,1,0.137699,0.0160991,0.0160991,1,-999
78,gen=58_member=228_de,0.485215,309.278,1,0.12349,0.0674835,0.0674835,1,-999
78,gen=111_member=1821_de,0.549771,296.46,1,0.117052,0.0642404,0.0642404,1,-999
78,gen=114_member=1907_de,0.234987,393.757,1,0.116819,0.0212265,0.0212265,1,-999
78,gen=95_member=1322_de,0.0288562,608.838,1,0.116563,0.00593147,0.00593147,1,-999
78,gen=42_member=1237_de,0.801153,188.486,1,0.11379,0.0184781,0.0184781,1,-999
78,gen=30_member=870_de,0.899246,165.65,1,0.111884,0.0132461,0.0132461,1,-999
78,gen=93_member=1279_de,0.0677648,489.465,1,0.109723,0.0093896,0.0093896,1,-999
78,gen=49_member=1445_de,0.286408,356.642,1,0.103662,0.0329789,0.0329789,1,-999
78,gen=58_member=224_de,0.775097,216.933,1,0.102758,0.0260113,0.0260113,1,-999
78,gen=60_member=276_de,0.321566,351.812,1,0.0981815,0.0291825,0.0291825,1,-999
78,gen=95_member=1349_de,0.410173,319.545,1,0.0787483,0.0488353,0.0488353,1,-999
78,gen=14_member=403_de,0.383804,338.022,1,0.0871262,0.0372705,0.0372705,1,-999
78,gen=118_member=2020_de,0.366651,348.314,1,0.0863908,0.0282544,0.0282544,1,-999
78,gen=45_member=1330_de,0.26417,381.706,1,0.0782632,0.0282544,0.0282544,1,-999
78,gen=69_member=551_de,0.568721,289.96,1,0.0770308,0.0469072,0.0469072,1,-999
78,gen=98_member=1412_de,0.632078,277.099,1,0.0608552,0.0468143,0.0468143,1,-999
78,gen=102_member=1553_de,0.441124,312.493,1,0.0348237,0.055452,0.055452,1,-999
78,gen=35_member=1039_de,0.771482,239.143,1,0.0586641,0.0250274,0.0250274,1,-999
78,gen=62_member=336_de,0.611911,289.296,1,0.058013,0.0454901,0.0454901,1,-999
78,gen=89_member=1154_de,0.452847,310.026,1,0.0520469,0.0642404,0.0642404,1,-999
78,gen=58_member=216_de,0.250524,384.964,1,0.048309,0.0258729,0.0258729,1,-999
78,gen=119_member=2047_de,0.617597,286.169,1,0.038787,0.0466771,0.0466771,1,-999
78,gen=50_member=1480_de,0.75136,240.604,1,0.0372119,0.0259769,0.0259769,1,-999
78,gen=128_member=2332_de,0.424659,313.191,1,0.0432326,0.0533866,0.0533866,1,-999
79,gen=123_member=2187_de,0.937131,98.4865,1,1e+30,0.00700983,0.00700983,1,-999
79,gen=80_member=897_de,0.01,814.441,2,-999,0.00314656,0.00314656,1,-999
79,gen=55_member=143_de,0.0128918,672.121,1,0.28974,0.00569842,0.00569842,1,-999
79,gen=43_member=1266_de,0.212021,438.868,1,0.238734,0.0169028,0.0169028,1,-999
79,gen=20_member=588_de,0.076213,442.245,1,0.22601,0.0168687,0.0168687,1,-999
79,gen=97_member=1402_de,0.0475058,498.634,1,0.197147,0.00892716,0.00892716,1,-999
79,gen=104_member=1595_de,0.0387702,608.651,1,0.173487,0.00593802,0.00593802,1,-999
79,gen=26_member=752_de,0.648865,266.745,1,0.165992,0.0388203,0.0388203,1,-999
79,gen=77_member=788_de,0.741957,242.985,1,0.146932,0.02769,0.02769,1,-999
79,gen=116_member=1958_de,0.833401,180.488,1,0.137584,0.0160991,0.0160991,1,-999
79,gen=58_member=228_de,0.485215,309.278,1,0.123422,0.0674835,0.0674835,1,-999
79,gen=111_member=1821_de,0.549771,296.46,1,0.116954,0.0642404,0.0642404,1,-999
79,gen=114_member=1907_de,0.234987,393.757,1,0.116548,0.0212265,0.0212265,1,-999
79,gen=95_member=1322_de,0.0288562,608.838,1,0.116243,0.00593147,0.00593147,1,-999
79,gen=42_member=1237_de,0.801153,188.486,1,0.113607,0.0184781,0.0184781,1,-999
79,gen=30_member=870_de,0.899246,165.65,1,0.111884,0.0132461,0.0132461,1,-999
79,gen=93_member=1279_de,0.0677648,489.465,1,0.10944,0.0093896,0.0093896,1,-999
79,gen=49_member=1445_de,0.286408,356.642,1,0.103511,0.0329789,0.0329789,1,-999
79,gen=58_member=224_de,0.775097,216.933,1,0.102504,0.0260113,0.0260113,1,-999
79,gen=60_member=276_de,0.321566,351.812,1,0.0981396,0.0291825,0.0291825,1,-999
79,gen=14_member=403_de,0.383804,338.022,1,0.0869815,0.0372705,0.0372705,1,-999
79,gen=118_member=2020_de,0.366651,348.314,1,0.0863215,0.0282544,0.0282544,1,-999
79,gen=95_member=1349_de,0.410173,319.545,1,0.0786235,0.0488353,0.0488353,1,-999
79,gen=45_member=1330_de,0.26417,381.706,1,0.0781208,0.0282544,0.0282544,1,-999
79,gen=69_member=551_de,0.568721,289.96,1,0.0769947,0.0469072,0.0469072,1,-999
79,gen=98_member=1412_de,0.632078,277.099,1,0.0607575,0.0468143,0.0468143,1,-999
79,gen=35_member=1039_de,0.771482,239.143,1,0.0585451,0.0250274,0.0250274,1,-999
79,gen=62_member=336_de,0.611911,289.296,1,0.0579939,0.0454901,0.0454901,1,-999
79,gen=89_member=1154_de,0.452847,310.026,1,0.0520307,0.0642404,0.0642404,1,-999
79,gen=58_member=216_de,0.250524,384.964,1,0.0482484,0.0258729,0.0258729,1,-999
79,gen=128_member=2332_de,0.424659,313.191,1,0.0431971,0.0533866,0.0533866,1,-999
79,gen=119_member=2047_de,0.617597,286.169,1,0.0387256,0.0466771,0.0466771,1,-999
79,gen=50_member=1480_de,0.75136,240.604,1,0.0371926,0.0259769,0.0259769,1,-999
79,gen=102_member=1553_de,0.441124,312.493,1,0.0348078,0.055452,0.055452,1,-999
79,gen=129_member=2348_de,0.01,817.027,1,1e+30,1.00312,1.00312,1,-999
80,gen=129_member=2348_de,0.01,817.027,1,1e+30,0.00312116,0.00312116,1,-999
80,gen=123_member=2187_de,0.937131,98.4865,1,1e+30,0.00700983,0.00700983,1,-999
80,gen=55_member=143_de,0.0128918,672.121,1,0.28974,0.00569842,0.00569842,1,-999
80,gen=43_member=1266_de,0.212021,438.868,1,0.238734,0.0169028,0.0169028,1,-999
80,gen=20_member=588_de,0.076213,442.245,1,0.22601,0.0168687,0.0168687,1,-999
80,gen=97_member=1402_de,0.0475058,498.634,1,0.087884,0.00935657,0.00935657,1,-999
80,gen=104_member=1595_de,0.0387702,608.651,1,0.120215,0.00825172,0.00825172,1,-999
80,gen=26_member=752_de,0.648865,266.745,1,0.165992,0.0388203,0.0388203,1,-999
80,gen=77_member=788_de,0.741957,242.985,1,0.146932,0.02769,0.02769,1,-999
80,gen=116_member=1958_de,0.833401,180.488,1,0.137584,0.0160991,0.0160991,1,-999
80,gen=58_member=228_de,0.485215,309.278,1,0.123422,0.0674835,0.0674835,1,-999
80,gen=111_member=1821_de,0.549771,296.46,1,0.116954,0.0642404,0.0642404,1,-999
80,gen=114_member=1907_de,0.234987,393.757,1,0.116548,0.0212265,0.0212265,1,-999
80,gen=95_member=1322_de,0.0288562,608.838,1,0.116243,0.00823906,0.00823906,1,-999
80,gen=42_member=1237_de,0.801153,188.486,1,0.113607,0.0184781,0.0184781,1,-999
80,gen=30_member=870_de,0.899246,165.65,1,0.111884,0.0132461,0.0132461,1,-999
80,gen=93_member=1279_de,0.0677648,489.465,1,0.10944,0.0102346,0.0102346,1,-999
80,gen=49_member=1445_de,0.286408,356.642,1,0.103511,0.0369486,0.0369486,1,-999
80,gen=58_member=224_de,0.775097,216.933,1,0.102504,0.0260113,0.0260113,1,-999
80,gen=60_member=276_de,0.321566,351.812,1,0.0981396,0.0313532,0.0313532,1,-999
80,gen=14_member=403_de,0.383804,338.022,2,-999,0.048496,0.048496,1,-999
80,gen=118_member=2020_de,0.366651,348.314,1,0.0723275,0.0325002,0.0325002,1,-999
80,gen=95_member=1349_de,0.410173,319.545,1,0.0926175,0.0488353,0.0488353,1,-999
80,gen=45_member=1330_de,0.26417,381.706,1,0.0781208,0.0282544,0.0282544,1,-999
80,gen=69_member=551_de,0.568721,289.96,1,0.0769947,0.0469072,0.0469072,1,-999
80,gen=98_member=1412_de,0.632078,277.099,1,0.0607575,0.0468143,0.0468143,1,-999
80,gen=35_member=1039_de,0.771482,239.143,1,0.0585451,0.0250274,0.0250274,1,-999
80,gen=62_member=336_de,0.611911,289.296,1,0.0579939,0.0454901,0.0454901,1,-999
80,gen=89_member=1154_de,0.452847,310.026,1,0.0520307,0.0642404,0.0642404,1,-999
80,gen=58_member=216_de,0.250524,384.964,1,0.0482484,0.0258729,0.0258729,1,-999
80,gen=128_member=2332_de,0.424659,313.191,1,0.0431971,0.0533866,0.0533866,1,-999
80,gen=119_member=2047_de,0.617597,286.169,1,0.0387256,0.0466771,0.0466771,1,-999
80,gen=50_member=1480_de,0.75136,240.604,1,0.0371926,0.0259769,0.0259769,1,-999
80,gen=102_member=1553_de,0.441124,312.493,1,0.0348078,0.055452,0.055452,1,-999
80,gen=130_member=2399_de,0.042846,533.3,1,0.162535,0.0107463,0.0107463,1,-999
80,gen=130_member=2391_de,0.383804,348.077,1,0.0869815,1.03275,1.03275,1,-999
82,gen=123_member=2187_de,0.937131,98.4865,1,1e+30,0.00700983,0.00700983,1,-999
82,gen=129_member=2348_de,0.01,817.027,1,1e+30,0.00312116,0.00312116,1,-999
82,gen=55_member=143_de,0.0128918,672.121,1,0.28974,0.00569842,0.00569842,1,-999
82,gen=43_member=1266_de,0.212021,438.868,1,0.238734,0.0169028,0.0169028,1,-999
82,gen=20_member=588_de,0.076213,442.245,1,0.22601,0.0168687,0.0168687,1,-999
82,gen=26_member=752_de,0.648865,266.745,2,-999,0.0396589,0.0396589,1,-999
82,gen=130_member=2399_de,0.042846,533.3,1,0.162535,0.0107463,0.0107463,1,-999
82,gen=77_member=788_de,0.741957,242.985,1,0.114914,0.0286728,0.0286728,1,-999
82,gen=116_member=1958_de,0.833401,180.488,1,0.137584,0.0160991,0.0160991,1,-999
82,gen=58_member=228_de,0.485215,309.278,1,0.123422,0.0674835,0.0674835,1,-999
82,gen=104_member=1595_de,0.0387702,608.651,1,0.120215,0.00825172,0.00825172,1,-999
82,gen=111_member=1821_de,0.549771,296.46,1,0.116954,0.0642404,0.0642404,1,-999
82,gen=114_member=1907_de,0.234987,393.757,1,0.116548,0.0212265,0.0212265,1,-999
82,gen=95_member=1322_de,0.0288562,608.838,1,0.116243,0.00823906,0.00823906,1,-999
82,gen=42_member=1237_de,0.801153,188.486,1,0.113607,0.0184781,0.0184781,1,-999
82,gen=30_member=870_de,0.899246,165.65,1,0.111884,0.0132461,0.0132461,1,-999
82,gen=93_member=1279_de,0.0677648,489.465,1,0.10944,0.0102346,0.0102346,1,-999
82,gen=49_member=1445_de,0.286408,356.642,1,0.103511,0.0329789,0.0329789,1,-999
82,gen=58_member=224_de,0.775097,216.933,1,0.102504,0.0260113,0.0260113,1,-999
82,gen=60_member=276_de,0.321566,351.812,1,0.0981396,0.0291825,0.0291825,1,-999
82,gen=95_member=1349_de,0.410173,319.545,1,0.0926175,0.0398643,0.0398643,1,-999
82,gen=97_member=1402_de,0.0475058,498.634,1,0.087884,0.00935657,0.00935657,1,-999
82,gen=130_member=2391_de,0.383804,348.077,1,0.0869815,0.0280666,0.0280666,1,-999
82,gen=45_member=1330_de,0.26417,381.706,1,0.0781208,0.0282544,0.0282544,1,-999
82,gen=69_member=551_de,0.568721,289.96,1,0.0769947,0.0621167,0.0621167,1,-999
82,gen=118_member=2020_de,0.366651,348.314,1,0.0723275,0.0282544,0.0282544,1,-999
82,gen=98_member=1412_de,0.632078,277.099,1,0.092775,0.0672914,0.0672914,1,-999
82,gen=35_member=1039_de,0.771482,239.143,1,0.0585451,0.0258275,0.0258275,1,-999
82,gen=62_member=336_de,0.611911,289.296,1,0.0579939,0.0647898,0.0647898,1,-999
82,gen=89_member=1154_de,0.452847,310.026,1,0.0520307,0.0642404,0.0642404,1,-999
82,gen=58_member=216_de,0.250524,384.964,1,0.0482484,0.0258729,0.0258729,1,-999
82,gen=128_member=2332_de,0.424659,313.191,1,0.0431971,0.0533866,0.0533866,1,-999
82,gen=119_member=2047_de,0.617597,286.169,1,0.0387256,0.0812527,0.0812527,1,-999
82,gen=50_member=1480_de,0.75136,240.604,1,0.0371926,0.0268399,0.0268399,1,-999
82,gen=102_member=1553_de,0.441124,312.493,1,0.0348078,0.055452,0.055452,1,-999
82,gen=132_member=2454_de,0.690313,275.861,1,0.165992,1.06212,1.06212,1,-999
84,gen=123_member=2187_de,0.937131,98.4865,1,1e+30,0.00700983,0.00700983,1,-999
84,gen=129_member=2348_de,0.01,817.027,1,1e+30,0.00312116,0.00312116,1,-999
84,gen=55_member=143_de,0.0128918,672.121,1,0.28974,0.00569842,0.00569842,1,-999
84,gen=43_member=1266_de,0.212021,438.868,1,0.238734,0.0169028,0.0169028,1,-999
84,gen=20_member=588_de,0.076213,442.245,1,0.22601,0.0168687,0.0168687,1,-999
84,gen=132_member=2454_de,0.690313,275.861,1,0.174795,0.0621167,0.0621167,1,-999
84,gen=130_member=2399_de,0.042846,533.3,1,0.162535,0.0107463,0.0107463,1,-999
84,gen=116_member=1958_de,0.833401,180.488,1,0.137584,0.0160991,0.0160991,1,-999
84,gen=58_member=228_de,0.485215,309.278,1,0.123422,0.0674835,0.0674835,1,-999
84,gen=104_member=1595_de,0.0387702,608.651,1,0.120215,0.00825172,0.00825172,1,-999
84,gen=111_member=1821_de,0.549771,296.46,1,0.116954,0.0674835,0.0674835,1,-999
84,gen=114_member=1907_de,0.234987,393.757,1,0.116548,0.0212265,0.0212265,1,-999
84,gen=95_member=1322_de,0.0288562,608.838,1,0.116243,0.00823906,0.00823906,1,-999
84,gen=77_member=788_de,0.741957,242.985,1,0.114914,0.02769,0.02769,1,-999
84,gen=42_member=1237_de,0.801153,188.486,1,0.113607,0.0184781,0.0184781,1,-999
84,gen=30_member=870_de,0.899246,165.65,1,0.111884,0.0132461,0.0132461,1,-999
84,gen=93_member=1279_de,0.0677648,489.465,1,0.10944,0.0102346,0.0102346,1,-999
84,gen=49_member=1445_de,0.286408,356.642,1,0.103511,0.0329789,0.0329789,1,-999
84,gen=58_member=224_de,0.775097,216.933,1,0.102504,0.0260113,0.0260113,1,-999
84,gen=60_member=276_de,0.321566,351.812,1,0.0981396,0.0291825,0.0291825,1,-999
84,gen=98_member=1412_de,0.632078,277.099,2,1e+30,0.0672914,0.0672914,1,-999
84,gen=95_member=1349_de,0.410173,319.545,1,0.0926175,0.0398643,0.0398643,1,-999
84,gen=97_member=1402_de,0.0475058,498.634,1,0.087884,0.00935657,0.00935657,1,-999
84,gen=130_member=2391_de,0.383804,348.077,1,0.0869815,0.0280666,0.0280666,1,-999
84,gen=45_member=1330_de,0.26417,381.706,1,0.0781208,0.0282544,0.0282544,1,-999
84,gen=69_member=551_de,0.568721,289.96,1,0.0769947,0.0672914,0.0672914,1,-999
84,gen=118_member=2020_de,0.366651,348.314,1,0.0723275,0.0282544,0.0282544,1,-999
84,gen=35_member=1039_de,0.771482,239.143,1,0.0585451,0.0250274,0.0250274,1,-999
84,gen=62_member=336_de,0.611911,289.296,1,0.0774315,0.0704389,0.0704389,1,-999
84,gen=89_member=1154_de,0.452847,310.026,1,0.0520307,0.0642404,0.0642404,1,-999
84,gen=58_member=216_de,0.250524,384.964,1,0.0482484,0.0258729,0.0258729,1,-999
84,gen=128_member=2332_de,0.424659,313.191,1,0.0431971,0.0533866,0.0533866,1,-999
84,gen=119_member=2047_de,0.617597,286.169,2,1e+30,0.0813562,0.0813562,1,-999
84,gen=50_member=1480_de,0.75136,240.604,1,0.0371926,0.0259769,0.0259769,1,-999
84,gen=102_member=1553_de,0.441124,312.493,1,0.0348078,0.055452,0.055452,1,-999
84,gen=134_member=2517_de,0.637636,287.732,1,0.10326,2.07916,2.07916,1,-999
85,gen=123_member=2187_de,0.937131,98.4865,1,1e+30,0.00700983,0.00700983,1,-999
85,gen=129_member=2348_de,0.01,817.027,1,1e+30,0.00312116,0.00312116,1,-999
85,gen=55_member=143_de,0.0128918,672.121,1,0.28974,0.00569842,0.00569842,1,-999
85,gen=43_member=1266_de,0.212021,438.868,1,0.202657,0.0178878,0.0178878,1,-999
85,gen=20_member=588_de,0.076213,442.245,2,-999,0.0171266,0.0171266,1,-999
85,gen=132_member=2454_de,0.690313,275.861,1,0.174795,0.0286728,0.0286728,1,-999
85,gen=130_member=2399_de,0.042846,533.3,1,0.162535,0.012897,0.012897,1,-999
85,gen=116_member=1958_de,0.833401,180.488,1,0.137584,0.0160991,0.0160991,1,-999
85,gen=58_member=228_de,0.485215,309.278,1,0.123422,0.0674835,0.0674835,1,-999
85,gen=104_member=1595_de,0.0387702,608.651,1,0.120215,0.00825172,0.00825172,1,-999
85,gen=111_member=1821_de,0.549771,296.46,1,0.116954,0.0642404,0.0642404,1,-999
85,gen=114_member=1907_de,0.234987,393.757,1,0.116548,0.0212265,0.0212265,1,-999
85,gen=95_member=1322_de,0.0288562,608.838,1,0.116243,0.00823906,0.00823906,1,-999
85,gen=77_member=788_de,0.741957,242.985,1,0.114914,0.0213916,0.0213916,1,-999
85,gen=42_member=1237_de,0.801153,188.486,1,0.113607,0.0184781,0.0184781,1,-999
85,gen=30_member=870_de,0.899246,165.65,1,0.111884,0.0132461,0.0132461,1,-999
85,gen=93_member=1279_de,0.0677648,489.465,1,0.145517,0.0190126,0.0190126,1,-999
85,gen=49_member=1445_de,0.286408,356.642,1,0.103511,0.0329789,0.0329789,1,-999
85,gen=134_member=2517_de,0.637636,287.732,1,0.10326,0.0424695,0.0424695,1,-999
85,gen=58_member=224_de,0.775097,216.933,1,0.102504,0.0260113,0.0260113,1,-999
85,gen=60_member=276_de,0.321566,351.812,1,0.0981396,0.0291825,0.0291825,1,-999
85,gen=95_member=1349_de,0.410173,319.545,1,0.0926175,0.0398643,0.0398643,1,-999
85,gen=97_member=1402_de,0.0475058,498.634,1,0.087884,0.0161901,0.0161901,1,-999
85,gen=130_member=2391_de,0.383804,348.077,1,0.0869815,0.0280666,0.0280666,1,-999
85,gen=45_member=1330_de,0.26417,381.706,1,0.0781208,0.0282544,0.0282544,1,-999
85,gen=62_member=336_de,0.611911,289.296,1,0.0774315,0.0454901,0.0454901,1,-999
85,gen=69_member=551_de,0.568721,289.96,1,0.0769947,0.0469072,0.0469072,1,-999
85,gen=118_member=2020_de,0.366651,348.314,1,0.0723275,0.0282544,0.0282544,1,-999
85,gen=35_member=1039_de,0.771482,239.143,1,0.0585451,0.019767,0.019767,1,-999
85,gen=89_member=1154_de,0.452847,310.026,1,0.0520307,0.0642404,0.0642404,1,-999
85,gen=58_member=216_de,0.250524,384.964,1,0.0482484,0.0258729,0.0258729,1,-999
85,gen=128_member=2332_de,0.424659,313.191,1,0.0431971,0.0533866,0.0533866,1,-999
85,gen=50_member=1480_de,0.75136,240.604,1,0.0371926,0.0203546,0.0203546,1,-999
85,gen=102_member=1553_de,0.441124,312.493,1,0.0348078,0.055452,0.055452,1,-999
85,gen=135_member=2541_de,0.133547,460.757,1,0.22601,1.01449,1.01449,1,-999
95,gen=123_member=2187_de,0.937131,98.4865,1,1e+30,0.00700983,0.00700983,1,-999
95,gen=129_member=2348_de,0.01,817.027,1,1e+30,0.00312116,0.00312116,1,-999
95,gen=55_member=143_de,0.0128918,672.121,1,0.28974,0.00569842,0.00569842,1,-999
95,gen=135_member=2541_de,0.133547,460.757,1,0.16809,0.0144928,0.0144928,1,-999
95,gen=43_member=1266_de,0.212021,438.868,1,0.145472,0.0178878,0.0178878,1,-999
95,gen=132_member=2454_de,0.690313,275.861,1,0.174795,0.0286728,0.0286728,1,-999
95,gen=130_member=2399_de,0.042846,533.3,1,0.162535,0.012897,0.012897,1,-999
95,gen=93_member=1279_de,0.0677648,489.465,1,0.145517,0.0190126,0.0190126,1,-999
95,gen=116_member=1958_de,0.833401,180.488,1,0.137584,0.0160991,0.0160991,1,-999
95,gen=58_member=228_de,0.485215,309.278,1,0.123422,0.0674835,0.0674835,1,-999
95,gen=104_member=1595_de,0.0387702,608.651,1,0.120215,0.00825172,0.00825172,1,-999
95,gen=111_member=1821_de,0.549771,296.46,1,0.116954,0.0642404,0.0642404,1,-999
95,gen=114_member=1907_de,0.234987,393.757,1,0.116548,0.0212265,0.0212265,1,-999
95,gen=95_member=1322_de,0.0288562,608.838,1,0.116243,0.00823906,0.00823906,1,-999
95,gen=77_member=788_de,0.741957,242.985,1,0.114914,0.0213916,0.0213916,1,-999
95,gen=42_member=1237_de,0.801153,188.486,1,0.113607,0.0184781,0.0184781,1,-999
95,gen=30_member=870_de,0.899246,165.65,1,0.111884,0.0132461,0.0132461,1,-999
95,gen=49_member=1445_de,0.286408,356.642,1,0.103511,0.0329789,0.0329789,1,-999
95,gen=134_member=2517_de,0.637636,287.732,1,0.10326,0.0424695,0.0424695,1,-999
95,gen=58_member=224_de,0.775097,216.933,1,0.102504,0.0260113,0.0260113,1,-999
95,gen=60_member=276_de,0.321566,351.812,1,0.0981396,0.0291825,0.0291825,1,-999
95,gen=95_member=1349_de,0.410173,319.545,1,0.0926175,0.0398643,0.0398643,1,-999
95,gen=97_member=1402_de,0.0475058,498.634,1,0.087884,0.0161901,0.0161901,1,-999
95,gen=130_member=2391_de,0.383804,348.077,1,0.0869815,0.0280666,0.0280666,1,-999
95,gen=45_member=1330_de,0.26417,381.706,1,0.0781208,0.0282544,0.0282544,1,-999
95,gen=62_member=336_de,0.611911,289.296,1,0.0774315,0.0454901,0.0454901,1,-999
95,gen=69_member=551_de,0.568721,289.96,1,0.0769947,0.0469072,0.0469072,1,-999
95,gen=118_member=2020_de,0.366651,348.314,1,0.0723275,0.0282544,0.0282544,1,-999
95,gen=35_member=1039_de,0.771482,239.143,1,0.0585451,0.019767,0.019767,1,-999
95,gen=89_member=1154_de,0.452847,310.026,1,0.0520307,0.0642404,0.0642404,1,-999
95,gen=58_member=216_de,0.250524,384.964,1,0.0482484,0.0258729,0.0258729,1,-999
95,gen=128_member=2332_de,0.424659,313.191,1,0.0431971,0.0533866,0.0533866,1,-999
95,gen=50_member=1480_de,0.75136,240.604,1,0.0371926,0.0203546,0.0203546,1,-999
95,gen=102_member=1553_de,0.441124,312.493,1,0.0348078,0.055452,0.055452,1,-999
95,gen=145_member=2824_de,0.170706,448.466,1,0.115105,0.017634,0.017634,1,-999
97,gen=123_member=2187_de,0.937131,98.4865,1,1e+30,0.00700983,0.00700983,1,-999
97,gen=129_member=2348_de,0.01,817.027,1,1e+30,0.00349984,0.00349984,1,-999
97,gen=55_member=143_de,0.0128918,672.121,1,0.223521,0.00680705,0.00680705,1,-999
97,gen=132_member=2454_de,0.690313,275.861,1,0.174795,0.0286728,0.0286728,1,-999
97,gen=135_member=2541_de,0.133547,460.757,1,0.16809,0.0144928,0.0144928,1,-999
97,gen=130_member=2399_de,0.042846,533.3,1,0.162535,0.012897,0.012897,1,-999
97,gen=93_member=1279_de,0.0677648,489.465,1,0.145517,0.0190126,0.0190126,1,-999
97,gen=43_member=1266_de,0.212021,438.868,1,0.145472,0.0178878,0.0178878,1,-999
97,gen=116_member=1958_de,0.833401,180.488,1,0.137584,0.0160991,0.0160991,1,-999
97,gen=58_member=228_de,0.485215,309.278,1,0.123422,0.0674835,0.0674835,1,-999
97,gen=104_member=1595_de,0.0387702,608.651,1,0.186434,0.00892716,0.00892716,1,-999
97,gen=111_member=1821_de,0.549771,296.46,1,0.116954,0.0642404,0.0642404,1,-999
97,gen=114_member=1907_de,0.234987,393.757,1,0.116548,0.0212265,0.0212265,1,-999
97,gen=95_member=1322_de,0.0288562,608.838,2,-999,0.00891235,0.00891235,1,-999
97,gen=145_member=2824_de,0.170706,448.466,1,0.115105,0.017634,0.017634,1,-999
97,gen=77_member=788_de,0.741957,242.985,1,0.114914,0.0213916,0.0213916,1,-999
97,gen=42_member=1237_de,0.801153,188.486,1,0.113607,0.0184781,0.0184781,1,-999
97,gen=30_member=870_de,0.899246,165.65,1,0.111884,0.0132461,0.0132461,1,-999
97,gen=49_member=1445_de,0.286408,356.642,1,0.103511,0.0329789,0.0329789,1,-999
97,gen=134_member=2517_de,0.637636,287.732,1,0.10326,0.0424695,0.0424695,1,-999
97,gen=58_member=224_de,0.775097,216.933,1,0.102504,0.0260113,0.0260113,1,-999
97,gen=60_member=276_de,0.321566,351.812,1,0.0981396,0.0291825,0.0291825,1,-999
97,gen=95_member=1349_de,0.410173,319.545,1,0.0926175,0.0398643,0.0398643,1,-999
97,gen=97_member=1402_de,0.0475058,498.634,1,0.087884,0.0161901,0.0161901,1,-999
97,gen=130_member=2391_de,0.383804,348.077,1,0.0869815,0.0280666,0.0280666,1,-999
97,gen=45_member=1330_de,0.26417,381.706,1,0.0781208,0.0282544,0.0282544,1,-999
97,gen=62_member=336_de,0.611911,289.296,1,0.0774315,0.0454901,0.0454901,1,-999
97,gen=69_member=551_de,0.568721,289.96,1,0.0769947,0.0469072,0.0469072,1,-999
97,gen=118_member=2020_de,0.366651,348.314,1,0.0723275,0.0282544,0.0282544,1,-999
97,gen=35_member=1039_de,0.771482,239.143,1,0.0585451,0.019767,0.019767,1,-999
97,gen=89_member=1154_de,0.452847,310.026,1,0.0520307,0.0642404,0.0642404,1,-999
97,gen=58_member=216_de,0.250524,384.964,1,0.0482484,0.0258729,0.0258729,1,-999
97,gen=128_member=2332_de,0.424659,313.191,1,0.0431971,0.0533866,0.0533866,1,-999
97,gen=50_member=1480_de,0.75136,240.604,1,0.0371926,0.0203546,0.0203546,1,-999
97,gen=102_member=1553_de,0.441124,312.493,1,0.0348078,0.055452,0.055452,1,-999
97,gen=147_member=2896_de,0.0288562,656.419,1,0.116243,1.00626,1.00626,1,-999
98,gen=129_member=2348_de,0.01,817.027,1,1e+30,0.00312116,0.00312116,1,-999
98,gen=123_member=2187_de,0.937131,98.4865,1,1e+30,0.00700983,0.00700983,1,-999
98,gen=55_member=143_de,0.0128918,672.121,1,0.223521,0.00569842,0.00569842,1,-999
98,gen=104_member=1595_de,0.0387702,608.651,1,0.186434,0.00825172,0.00825172,1,-999
98,gen=132_member=2454_de,0.690313,275.861,1,0.174795,0.0400401,0.0400401,1,-999
98,gen=135_member=2541_de,0.133547,460.757,1,0.16809,0.0144928,0.0144928,1,-999
98,gen=130_member=2399_de,0.042846,533.3,1,0.162535,0.0115161,0.0115161,1,-999
98,gen=93_member=1279_de,0.0677648,489.465,1,0.145517,0.0190126,0.0190126,1,-999
98,gen=43_member=1266_de,0.212021,438.868,1,0.145472,0.0178878,0.0178878,1,-999
98,gen=116_member=1958_de,0.833401,180.488,1,0.137584,0.0160991,0.0160991,1,-999
98,gen=58_member=228_de,0.485215,309.278,1,0.0886698,0.0803701,0.0803701,1,-999
98,gen=111_member=1821_de,0.549771,296.46,1,0.0642378,0.0674835,0.0674835,1,-999
98,gen=114_member=1907_de,0.234987,393.757,1,0.116548,0.0212265,0.0212265,1,-999
98,gen=147_member=2896_de,0.0288562,656.419,1,0.116243,0.00614973,0.00614973,1,-999
98,gen=145_member=2824_de,0.170706,448.466,1,0.115105,0.017634,0.017634,1,-999
98,gen=77_member=788_de,0.741957,242.985,1,0.114914,0.0213916,0.0213916,1,-999
98,gen=42_member=1237_de,0.801153,188.486,1,0.113607,0.0184781,0.0184781,1,-999
98,gen=30_member=870_de,0.899246,165.65,1,0.111884,0.0132461,0.0132461,1,-999
98,gen=49_member=1445_de,0.286408,356.642,1,0.103511,0.0329789,0.0329789,1,-999
98,gen=134_member=2517_de,0.637636,287.732,1,0.10326,0.0720926,0.0720926,1,-999
98,gen=58_member=224_de,0.775097,216.933,1,0.102504,0.0260113,0.0260113,1,-999
98,gen=60_member=276_de,0.321566,351.812,1,0.0981396,0.0291825,0.0291825,1,-999
98,gen=95_member=1349_de,0.410173,319.545,1,0.0926175,0.0440352,0.0440352,1,-999
98,gen=97_member=1402_de,0.0475058,498.634,1,0.087884,0.0161901,0.0161901,1,-999
98,gen=130_member=2391_de,0.383804,348.077,1,0.0869815,0.0280666,0.0280666,1,-999
98,gen=45_member=1330_de,0.26417,381.706,1,0.0781208,0.0282544,0.0282544,1,-999
98,gen=62_member=336_de,0.611911,289.296,1,0.0774315,0.0647898,0.0647898,1,-999
98,gen=69_member=551_de,0.568721,289.96,1,0.0769947,0.0621167,0.0621167,1,-999
98,gen=118_member=2020_de,0.366651,348.314,1,0.0723275,0.0282544,0.0282544,1,-999
98,gen=35_member=1039_de,0.771482,239.143,1,0.0585451,0.019767,0.019767,1,-999
98,gen=89_member=1154_de,0.452847,310.026,1,0.0520307,0.0758121,0.0758121,1,-999
98,gen=58_member=216_de,0.250524,384.964,1,0.0482484,0.0258729,0.0258729,1,-999
98,gen=128_member=2332_de,0.424659,313.191,1,0.0431971,0.0611424,0.0611424,1,-999
98,gen=50_member=1480_de,0.75136,240.604,1,0.0371926,0.0203546,0.0203546,1,-999
98,gen=102_member=1553_de,0.441124,312.493,1,0.0348078,0.0638667,0.0638667,1,-999
98,gen=148_member=2932_de,0.520617,298.836,1,0.0874685,0.0763126,0.0763126,1,-999
