real_name,hmuni1,hmuni2,hmuni3,hmuni4,hmuni5,hmuni6,hmuni7,hmuni8,hmuni9,hpz01,hpz02,hpz03,hpz04,hpz05,hpz06,hpz07,hpz08,hpz09,hpz10,hpz11,vlens,zert01,zert02,zert03,zert04,zert05,zert06,zert07,zert08,zert09,zert10,zert11,zert12,zert13,zert14,zert15,zert16,zert17,zert18,zert19,zert20,zert21,zert22,zert23,zert24,zert25,zert26,zert27,zert28,zert29,zert30,zert31,zert32,zert33,zert34,zert35,zert36,zert37,zert38,zert39,zert40,zert41,zert42,zert43,zert44,zert45,zert46,zert47,zert48,zert49,zert50,zert51,zert52,zert53,zert54,zert55,zert56,zert57,zert58,zert59,zert60,zert61,zert62,zert63,zert64,zert65,zert66,zert67,zert68,zert69,zert70,zert71,zert72,zert73,zert74,zert75,zert76,zert77,zert78,zert79,zert80,zert81,zert82,zert83,zert84,zert85,zert86,zert87,zmuni1,zmuni1_pct,zmuni2,zmuni2_pct,zmuni3,zmuni3_pct,zmuni4,zmuni4_pct,zmuni5,zmuni5_pct,zmuni6,zmuni6_pct,zmuni7,zmuni7_pct,zmuni8,zmuni8_pct,zmuni9,zmuni9_pct,zpz01,zpz02,zpz03,zpz04,zpz05,zpz07,zpz08,ztdem01,ztdem02,ztdem03,ztdem05,ztdem08,ztdem12,ztdem14,ztdem15,ztdem17,ztdem20,ztdem21,ztdem22,ztdem32,ztdem33,ztdem34,ztdem35,ztdem37,ztdem41,ztdem42,ztdem43,ztdem44,ztdem45,ztdem46,ztdem47,ztdem48,ztdem49,ztdem51,ztdem52,ztdem53,ztdem54,ztdem55,ztdem56,ztdem57,ztdem58,ztdem59,ztdem61,ztdem62,ztdem63,ztdem64,ztdem65,ztdem66,ztdem68,ztdem69,ztdem71,ztdem74,ztdem75,ztdem80,ztdem81
gen=39_member=1140_de,1.15186,1.09421,1.37394,1.41606,1.11212,1.15524,1.18363,1.04748,0.984937,1.23744,1.24582,1.20771,0.991999,1.04013,1.16382,1.37885,1.20419,1.12005,1.41263,1.42222,6.13519e+08,-28.0288,-31.9577,-35.9634,-39.7174,-42.879,-44.8003,-47.4279,-53.649,-53.7976,-52.6557,-40.1002,-32.7412,-29.6852,-35.1034,-38.9528,-42.1056,-45.2019,-47.21,-52.6664,-53.0961,-52.3537,-46.421,-42.1733,-30.9202,-35.3439,-38.2012,-40.532,-42.7936,-44.2204,-45.3287,-46.0219,-45.9435,-45.4373,-44.3762,-41.9277,-38.7052,-33.7119,-28.1527,-32.0272,-36.8251,-39.8237,-42.5553,-44.6163,-45.9027,-46.9317,-47.3627,-47.3925,-46.9759,-46.0213,-43.9921,-42.3216,-39.7348,-36.1596,-32.2313,-35.7605,-38.3776,-40.4007,-42.8293,-44.4991,-45.6717,-57.7133,-57.4444,-52.6545,-49.5506,-44.8829,-35.2486,-30.4229,-33.4881,-36.6092,-38.7656,-40.8335,-42.5404,-44.1172,-44.6366,-27.0675,-32.1869,-36.3793,-39.6105,-42.8071,-29.4814,-32.5727,-34.5805,-36.8253,-38.3039,-39.7628,-40.8605,-41.3976,-54.1239,-15.0527,-50.0431,-13.4216,-56.0779,-35.5776,-55.5489,-39.6569,-44.4845,-26.735,-45.752,-30.8111,-46.7679,-31.475,-44.7497,-18.7452,-41.3955,-16.3155,-46.9497,-47.2619,-45.5136,-35.931,-39.2417,-54.1239,-46.7679,-45.4916,-45.0578,-37.999,-45.7901,-44.1726,-37.761,-43.2805,-45.1417,-47.4084,-46.7282,-46.8025,-47.0185,-54.2145,-52.8943,-53.543,-34.4004,-49.0191,-57.6357,-57.1537,-56.4097,-55.4481,-39.3717,-37.339,-27.2089,-32.71,-35.551,-37.0574,-38.7369,-43.2239,-44.8879,-45.6265,-46.8133,-45.5468,-47.6548,-41.8305,-44.3485,-37.2882,-45.1134,-47.5441,-45.9697,-45.9152,-41.6495,-32.7638,-37.0498,-38.9346,-36.2189,-36.621,-31.6522
gen=39_member=1141_de,1.00456,0.610313,0.792002,0.877832,0.96499,0.465795,0.997996,0.903896,0.643096,1.23357,1.24211,1.20432,0.989354,0.962748,1.07894,1.24623,1.09266,0.987297,1.33764,1.28879,5.97267e+08,-26.0257,-29.7777,-33.5437,-37.0082,-39.915,-41.6824,-44.1144,-47.1671,-47.8177,-47.209,-37.0552,-30.3044,-27.3725,-32.4681,-36.0218,-38.9927,-41.8885,-43.9333,-49.5682,-50.2461,-49.8291,-44.3173,-40.1687,-29.5685,-33.8592,-36.6375,-38.9059,-41.0866,-42.517,-43.814,-44.5532,-44.5739,-44.2372,-43.3728,-41.0632,-37.9411,-33.0327,-27.5083,-31.8053,-36.5996,-39.5891,-42.3202,-44.3834,-45.6673,-46.7041,-47.1377,-47.1513,-46.7301,-45.7872,-43.7706,-42.127,-39.5719,-36.0174,-32.1452,-35.6802,-38.3029,-40.3275,-42.7536,-44.4243,-45.6006,-53.3993,-52.7462,-47.9969,-45.7143,-41.5099,-32.49,-28.6518,-31.4809,-34.2752,-36.1257,-37.8625,-39.2177,-40.8026,-41.3887,-25.1371,-30.0335,-33.9574,-36.9141,-39.7412,-27.8267,-30.927,-32.964,-35.0755,-36.4328,-37.7173,-38.6792,-39.1595,-48.3348,-32.1239,-39.5001,-17.4967,-43.8098,-17.2601,-47.4107,-26.0275,-40.6095,-30.4975,-33.2205,-5.76891,-41.8961,-31.0862,-40.3003,-28.271,-33.4757,-21.9728,-46.7892,-47.1083,-45.3739,-35.824,-35.8606,-48.3348,-41.8961,-42.9834,-43.0658,-36.9425,-44.2863,-42.2954,-37.612,-43.0777,-44.9132,-47.1621,-46.4247,-46.423,-46.6111,-51.5447,-50.2042,-50.7951,-32.9367,-46.8132,-52.1311,-52.4509,-48.19,-48.541,-39.327,-37.2696,-26.5292,-32.357,-34.3433,-35.003,-36.6135,-40.8017,-42.3122,-42.9288,-43.8914,-42.4407,-44.4307,-39.3571,-41.4852,-35.8172,-43.1373,-45.0595,-45.8721,-45.8029,-41.6,-32.7381,-37.016,-38.8613,-36.1306,-36.6003,-31.6245
gen=39_member=1142_de,0.973424,0.992031,1.04701,1.22053,1.05351,0.810855,1.13709,1.09509,0.906026,1.2356,1.24405,1.20609,0.990741,1.0029,1.12461,1.28194,1.17482,1.08945,1.37322,1.34141,6.07325e+08,-27.6145,-31.5106,-35.4766,-39.1719,-42.2883,-44.1762,-46.7351,-51.4289,-51.4945,-50.4641,-38.8987,-31.7833,-28.597,-33.8584,-37.5659,-40.6359,-43.6347,-45.6649,-51.1821,-51.7287,-51.139,-45.4002,-41.1952,-30.266,-34.6272,-37.4478,-39.75,-41.9745,-43.4034,-44.6005,-45.3149,-45.2829,-44.8574,-43.8903,-41.5082,-38.3338,-33.3809,-27.8375,-31.9177,-36.7142,-39.7085,-42.44,-44.5022,-45.7875,-46.8204,-47.2527,-47.2748,-46.856,-45.9072,-43.8842,-42.2268,-39.6555,-36.0903,-32.188,-35.7202,-38.3401,-40.364,-42.7915,-44.4619,-45.6364,-55.5871,-54.8672,-50.2671,-47.5587,-43.1526,-33.841,-30.0039,-33.0143,-36.0573,-38.1382,-40.1206,-41.7362,-43.2987,-43.8265,-26.6874,-31.7754,-35.9376,-39.1549,-42.3541,-29.0878,-32.177,-34.1881,-36.398,-37.8444,-39.257,-40.3155,-40.8332,-49.8753,-28.7932,-47.4007,-35.7541,-49.7704,-35.6193,-51.9959,-41.4372,-42.7393,-38.5922,-39.8214,-28.7435,-45.482,-42.7062,-44.9915,-38.2076,-39.6193,-32.3845,-46.8711,-47.1867,-45.4454,-35.8789,-37.6083,-49.8753,-45.482,-44.3011,-44.1057,-37.4853,-45.0648,-43.2742,-37.6884,-43.1817,-45.0303,-47.2882,-46.5803,-46.6178,-46.8202,-52.9903,-51.6837,-52.2657,-33.6822,-47.9491,-55.0627,-55.1911,-52.1954,-52.1318,-39.3487,-37.304,-27.0365,-32.5369,-35.2472,-36.4575,-38.1283,-42.5382,-44.1673,-44.8942,-46.0294,-44.7541,-46.8086,-41.2148,-43.62,-36.5694,-44.1534,-46.3427,-45.922,-45.8604,-41.6243,-32.7489,-37.0317,-38.8978,-36.1747,-36.6126,-31.6403
gen=39_member=1143_de,1.22997,1.17126,1.32417,1.415,1.11847,1.20902,1.23937,1.24218,1.06609,1.23781,1.24617,1.20803,0.992251,1.04754,1.17044,1.41116,1.23937,1.15407,1.4262,1.44409,6.16877e+08,-28.834,-32.8369,-36.9571,-40.8209,-44.1067,-46.0982,-48.7805,-54.4849,-54.4419,-53.2042,-40.4557,-33.0335,-29.9729,-35.4222,-39.3054,-42.4901,-45.6129,-47.6321,-53.059,-53.468,-52.6977,-46.7432,-42.4867,-31.0417,-35.4762,-38.3391,-40.674,-42.9411,-44.3671,-45.4598,-46.1494,-46.0631,-45.5428,-44.4649,-42.0046,-38.7734,-33.7727,-28.2102,-32.0461,-36.8445,-39.8441,-42.5759,-44.6368,-45.9236,-46.9521,-47.383,-47.4145,-46.9985,-46.0432,-44.0132,-42.3406,-39.7514,-36.1747,-32.2378,-35.7665,-38.3833,-40.4062,-42.8352,-44.505,-45.6773,-58.5675,-58.3203,-53.1351,-49.9954,-45.2713,-35.5704,-30.9752,-34.1065,-37.3101,-39.5347,-41.667,-43.4469,-45.0115,-45.5108,-27.9436,-33.1899,-37.5489,-40.9753,-44.4776,-29.9963,-33.0731,-35.063,-37.3373,-38.8425,-40.3404,-41.465,-42.0103,-55.5371,-0.133807,-51.5715,-10.1999,-55.943,-24.4462,-55.9697,-29.5117,-44.7587,-19.9655,-46.6916,-28.2874,-48.3077,-27.8074,-48.5611,-32.1661,-43.2818,-14.2711,-46.964,-47.2758,-45.5267,-35.9422,-39.5617,-55.5371,-48.3077,-45.7002,-45.2272,-38.0934,-45.9216,-44.3332,-37.7765,-43.3001,-45.1632,-47.4307,-46.756,-46.8369,-47.0552,-54.6902,-53.3849,-53.9838,-34.5731,-49.3067,-58.412,-58.071,-56.7633,-55.8779,-39.3744,-37.3441,-27.4093,-32.7408,-35.8981,-37.5106,-39.2239,-43.792,-45.5059,-46.3054,-47.5625,-46.3757,-48.5087,-42.5108,-45.1142,-37.427,-45.2951,-47.7661,-45.9786,-45.9255,-41.6528,-32.7638,-37.0512,-38.9402,-36.2257,-36.6226,-31.6546
gen=39_member=1144_de,1.24235,1.33744,1.36604,1.31943,1.14277,1.21149,1.24249,1.20812,1.18072,1.238,1.24636,1.2082,0.992386,1.0497,1.17561,1.422,1.24249,1.19048,1.43184,1.45514,6.18739e+08,-29.1469,-33.1731,-37.3117,-41.2206,-44.5157,-46.5084,-49.1935,-55.7164,-55.3378,-53.9424,-40.9325,-33.4258,-30.0384,-35.4942,-39.3827,-42.5715,-45.6988,-47.7207,-53.1518,-53.5603,-52.7882,-46.8378,-42.5822,-31.0979,-35.5396,-38.4079,-40.7478,-43.0212,-44.4482,-45.5315,-46.2183,-46.1265,-45.5979,-44.5108,-42.0439,-38.808,-33.8033,-28.2389,-32.0556,-36.8543,-39.8543,-42.5862,-44.647,-45.9339,-46.9619,-47.3927,-47.4249,-47.009,-46.0531,-44.0223,-42.3483,-39.7574,-36.1794,-32.2412,-35.7698,-38.3863,-40.4092,-42.8383,-44.5081,-45.6803,-58.9137,-58.7048,-53.5403,-50.3329,-45.5759,-35.8253,-31.4084,-34.6001,-37.8952,-40.2128,-42.45,-44.3294,-45.8708,-46.34,-28.1201,-33.3607,-37.7058,-41.1154,-44.569,-30.4038,-33.4879,-35.4768,-37.7894,-39.3284,-40.8728,-42.0303,-42.5862,-56.0105,-23.3898,-54.3051,-34.567,-56.8555,-34.6995,-56.3191,-32.7972,-45.0639,-30.9081,-46.7983,-37.9996,-48.4415,-38.3542,-48.2256,-33.0484,-45.5037,-35.9975,-46.9708,-47.2822,-45.5324,-35.9457,-39.6544,-56.0105,-48.4415,-45.828,-45.3243,-38.1397,-45.9903,-44.4235,-37.7817,-43.3082,-45.1727,-47.4414,-46.7692,-46.8538,-47.0734,-54.8069,-53.4971,-54.0891,-34.6246,-49.386,-58.9275,-58.5206,-57.4132,-56.409,-39.3763,-37.3469,-27.5889,-32.7563,-36.2131,-37.9796,-39.7123,-44.3459,-46.0944,-46.933,-48.2389,-47.142,-49.2516,-43.1527,-45.8335,-37.4823,-45.37,-47.8621,-45.9826,-45.93,-41.6548,-32.7649,-37.0526,-38.9432,-36.2293,-36.6234,-31.6556
gen=39_member=1145_de,1.24038,1.21386,1.44005,1.41161,1.12293,1.11226,1.17819,1.18907,1.09997,1.2374,1.24578,1.20767,0.991969,1.03847,1.1636,1.42148,1.21352,1.1634,1.42876,1.45581,6.16516e+08,-28.7799,-32.7778,-36.8817,-40.7473,-44.0155,-45.9975,-48.6793,-55.0418,-54.9837,-53.7068,-40.7364,-33.2587,-29.6963,-35.1067,-38.9538,-42.1179,-45.2197,-47.25,-52.7234,-53.1735,-52.4567,-46.5931,-42.3589,-30.899,-35.3214,-38.1783,-40.5093,-42.7713,-44.1988,-45.3091,-46.0026,-45.925,-45.4209,-44.3623,-41.9156,-38.6943,-33.7019,-28.1426,-32.0233,-36.8213,-39.8199,-42.5516,-44.6128,-45.8992,-46.9284,-47.3596,-47.3893,-46.9728,-46.0186,-43.9898,-42.3198,-39.7338,-36.1591,-32.2293,-35.7587,-38.3759,-40.399,-42.8277,-44.4976,-45.6703,-58.7287,-58.5966,-53.5813,-50.3408,-45.5745,-35.8166,-31.0483,-34.193,-37.4213,-39.6747,-41.8429,-43.6549,-45.2154,-45.707,-27.7793,-32.9868,-37.2937,-40.668,-44.0783,-30.066,-33.1504,-35.1448,-37.4311,-38.9468,-40.4588,-41.5943,-42.1441,-55.9894,-22.9111,-52.406,-23.9059,-57.7489,-41.2366,-56.6551,-40.2745,-44.5246,-28.4104,-45.1468,-26.179,-47.171,-30.7693,-47.6223,-30.8625,-43.8921,-26.4934,-46.9474,-47.2598,-45.5121,-35.9305,-39.1651,-55.9894,-47.171,-45.4656,-45.0341,-37.9834,-45.7694,-44.1495,-37.7603,-43.2785,-45.1391,-47.4051,-46.7243,-46.7975,-47.013,-54.4724,-53.1426,-53.7283,-34.4201,-49.0941,-58.8288,-58.2758,-57.7796,-56.604,-39.3704,-37.3374,-27.4476,-32.7043,-35.9666,-37.647,-39.3604,-43.9425,-45.6615,-46.4625,-47.7271,-46.5565,-48.6805,-42.6593,-45.285,-37.2673,-45.082,-47.5013,-45.9685,-45.9138,-41.6482,-32.7621,-37.0484,-38.933,-36.217,-36.6211,-31.6524
gen=39_member=1146_de,1.23144,1.14764,1.46703,1.11792,1.1152,1.20908,1.22825,1.22646,1.15961,1.23786,1.24623,1.20808,0.992302,1.04756,1.16997,1.41861,1.23632,1.18201,1.43014,1.45378,6.17551e+08,-29.0464,-33.0655,-37.1971,-41.0905,-44.3765,-46.3618,-49.0296,-54.5533,-54.5262,-53.2739,-40.5077,-33.0764,-29.9758,-35.4261,-39.3109,-42.4983,-45.6238,-47.6461,-53.0796,-53.4915,-52.7251,-46.7834,-42.53,-31.0363,-35.4703,-38.3327,-40.6671,-42.9336,-44.3595,-45.4532,-46.1433,-46.0577,-45.5381,-44.4611,-42.0015,-38.7709,-33.7707,-28.2083,-32.0435,-36.8422,-39.8418,-42.5737,-44.6347,-45.9215,-46.95,-47.381,-47.4124,-46.9964,-46.0411,-44.0111,-42.3384,-39.7491,-36.1722,-32.2354,-35.7644,-38.3812,-40.4042,-42.8333,-44.5032,-45.6755,-58.8224,-58.6201,-53.3824,-50.1991,-45.4411,-35.7053,-31.2794,-34.4555,-37.7273,-40.0211,-42.2288,-44.076,-45.6007,-46.0663,-28.0511,-33.2916,-37.6391,-41.0547,-44.5264,-30.2813,-33.3624,-35.35,-37.6497,-39.1764,-40.7029,-41.8427,-42.3874,-55.8593,0.00684094,-51.3646,1.30205,-57.8431,-36.7654,-55.4854,-1.77777,-44.7223,-19.3784,-46.6905,-27.5728,-48.1674,-26.455,-48.4139,-30.13,-45.0316,-28.8738,-46.9621,-47.2739,-45.5248,-35.9399,-39.5586,-55.8593,-48.1674,-45.688,-45.2182,-38.0901,-45.9159,-44.3247,-37.7742,-43.298,-45.1611,-47.4286,-46.7538,-46.8345,-47.0527,-54.7364,-53.4247,-54.0195,-34.5822,-49.3288,-58.8329,-58.3626,-57.6357,-56.1657,-39.3722,-37.342,-27.5259,-32.738,-36.106,-37.6726,-39.4149,-44.0231,-45.7676,-46.6274,-47.9251,-46.8595,-48.9361,-42.9433,-45.5738,-37.4254,-45.2918,-47.7605,-45.9768,-45.9237,-41.6507,-32.7605,-37.0486,-38.9381,-36.2235,-36.6202,-31.6523
gen=39_member=1147_de,1.21677,1.18623,1.31054,1.14047,1.08995,1.16032,1.1908,1.11777,1.1192,1.23737,1.24575,1.20764,0.991949,1.03994,1.16032,1.39808,1.21247,1.16424,1.417,1.43095,6.15223e+08,-28.578,-32.5537,-36.6171,-40.4468,-43.6568,-45.5971,-48.2228,-54.1227,-53.9553,-52.7056,-40.2079,-32.8388,-29.714,-35.1345,-38.9898,-42.1527,-45.2558,-47.2715,-52.7219,-53.152,-52.4105,-46.4897,-42.2433,-30.8934,-35.3126,-38.1659,-40.4927,-42.7494,-44.1751,-45.289,-45.9842,-45.9095,-45.4081,-44.3521,-41.9074,-38.6876,-33.6966,-28.1384,-32.0211,-36.8191,-39.8175,-42.5492,-44.6103,-45.8967,-46.926,-47.3571,-47.3867,-46.97,-46.0159,-43.9871,-42.3173,-39.7315,-36.1568,-32.2283,-35.7577,-38.375,-40.3981,-42.8268,-44.4967,-45.6694,-58.0125,-57.7787,-52.6381,-49.5809,-44.9053,-35.2703,-30.9763,-34.1165,-37.3449,-39.6046,-41.7818,-43.5928,-45.1225,-45.5977,-27.5237,-32.6856,-36.931,-40.2301,-43.5194,-29.9992,-33.0896,-35.088,-37.3726,-38.8858,-40.3922,-41.5185,-42.0593,-54.9665,-17.4828,-51.523,-18.6879,-55.264,-28.1763,-54.5575,-17.5651,-44.2466,-23.0696,-45.8084,-28.8993,-47.1278,-30.1329,-46.2397,-22.5469,-44.0877,-25.7131,-46.9456,-47.2581,-45.5104,-35.9289,-39.2299,-54.9665,-47.1278,-45.4145,-45.002,-37.9762,-45.7539,-44.1213,-37.758,-43.276,-45.1364,-47.4024,-46.7209,-46.7933,-47.0086,-54.3325,-53.0157,-53.6389,-34.4135,-49.0602,-57.8252,-57.4703,-56.0878,-55.0977,-39.3697,-37.3365,-27.4224,-32.701,-35.9201,-37.4494,-39.1698,-43.732,-45.4463,-46.267,-47.5229,-46.4135,-48.4707,-42.5787,-45.1634,-37.2698,-45.0857,-47.504,-45.9673,-45.9125,-41.6475,-32.7613,-37.0477,-38.9321,-36.2159,-36.6208,-31.6519
gen=39_member=1148_de,1.09098,1.08484,1.09135,0.959288,0.982239,0.821144,1.1156,0.998573,0.84512,1.2352,1.24368,1.20575,0.990481,0.999057,1.11099,1.32227,1.16256,1.06878,1.37979,1.36447,6.06525e+08,-27.269,-31.1331,-35.0525,-38.7029,-41.7781,-43.6497,-46.2181,-51.9076,-51.774,-50.6704,-39.0532,-31.91,-28.5015,-33.7573,-37.4646,-40.5395,-43.5439,-45.5802,-51.117,-51.6734,-51.0994,-45.4025,-41.2088,-30.1413,-34.4845,-37.291,-39.5798,-41.7874,-43.2132,-44.4339,-45.1559,-45.1382,-44.7324,-43.787,-41.4206,-38.2575,-33.3146,-27.777,-31.8952,-36.6911,-39.6845,-42.4158,-44.4781,-45.7631,-46.7968,-47.2294,-47.2497,-46.8305,-45.8829,-43.8613,-42.2068,-39.6388,-36.076,-32.1789,-35.7116,-38.332,-40.3561,-42.7832,-44.4536,-45.6284,-55.8979,-55.4388,-50.6042,-47.8657,-43.4063,-34.0425,-29.7417,-32.7168,-35.7127,-37.7518,-39.6953,-41.2747,-42.8761,-43.4317,-26.3346,-31.372,-35.4668,-38.6005,-41.6666,-28.8445,-31.9402,-33.9608,-36.1572,-37.5925,-38.9901,-40.0444,-40.5678,-51.6505,-21.0618,-48.822,-20.5323,-50.5554,-19.7866,-51.437,-12.421,-41.8832,-22.12,-39.8276,-11.2784,-44.9482,-29.8986,-43.1777,-21.2312,-38.3335,-14.4909,-46.8543,-47.1706,-45.4307,-35.8678,-37.4432,-51.6505,-44.9482,-43.9892,-43.875,-37.3852,-44.9091,-43.0606,-37.6733,-43.1608,-45.0067,-47.2626,-46.5488,-46.5784,-46.7779,-52.9655,-51.6383,-52.2253,-33.6349,-47.9075,-55.356,-55.2805,-52.7196,-52.309,-39.3435,-37.2965,-26.9504,-32.5014,-35.0955,-36.4285,-38.0679,-42.449,-44.0496,-44.7114,-45.8085,-44.4195,-46.5205,-40.9046,-43.3032,-36.4653,-44.0037,-46.1408,-45.9114,-45.8483,-41.6186,-32.7455,-37.0276,-38.8899,-36.1653,-36.6074,-31.6347
gen=39_member=1149_de,1.28029,0.93633,1.11104,1.26048,1.07068,0.967471,1.08642,0.951106,0.862286,1.23634,1.24477,1.20675,0.99126,1.0181,1.13994,1.38938,1.15208,1.07199,1.39647,1.40563,6.08035e+08,-27.2009,-31.0568,-34.9594,-38.5985,-41.6513,-43.5089,-46.0663,-51.501,-51.8258,-50.8782,-39.1023,-31.9385,-28.9941,-34.3223,-38.0876,-41.1855,-44.2258,-46.2418,-51.7685,-52.2728,-51.6294,-45.8338,-41.6205,-30.5278,-34.9141,-37.7493,-40.0627,-42.3018,-43.7299,-44.8917,-45.5981,-45.548,-45.0903,-44.0855,-41.677,-38.4835,-33.515,-27.9664,-31.9609,-36.7579,-39.7539,-42.4855,-44.5471,-45.8328,-46.8641,-47.2959,-47.3211,-46.9031,-45.9519,-43.9263,-42.2636,-39.6859,-36.1166,-32.2044,-35.7354,-38.3542,-40.3777,-42.8056,-44.4757,-45.6494,-56.6626,-56.5876,-51.4305,-48.5873,-44.0132,-34.5277,-29.7392,-32.7164,-35.7187,-37.7668,-39.7203,-41.3047,-42.8869,-43.4311,-26.2314,-31.2461,-35.3087,-38.4023,-41.4013,-28.8424,-31.9406,-33.9622,-36.1595,-37.5949,-38.9916,-40.0419,-40.5601,-54.5982,-34.7423,-46.6873,-16.0194,-51.4719,-22.5815,-52.9681,-35.3726,-43.3969,-30.6148,-42.5196,-24.0036,-44.4867,-28.3111,-42.3295,-18.7672,-38.6078,-18.2475,-46.9017,-47.2158,-45.4716,-35.8983,-38.2781,-54.5982,-44.4867,-44.7759,-44.4861,-37.6936,-45.3567,-43.633,-37.7161,-43.2201,-45.0739,-47.3354,-46.6387,-46.691,-46.8988,-53.4217,-52.0747,-52.7299,-33.9815,-48.3893,-55.9751,-55.6394,-53.7412,-53.2842,-39.3567,-37.3171,-26.9488,-32.6056,-35.092,-36.3183,-37.968,-42.3444,-43.9494,-44.6354,-45.737,-44.3949,-46.4612,-40.9051,-43.2851,-36.865,-44.5468,-46.8346,-45.9399,-45.8811,-41.6332,-32.753,-37.0375,-38.9116,-36.1915,-36.6133,-31.6424
gen=39_member=1150_de,1.02693,1.00532,1.11615,1.29168,1.06379,0.91275,1.15276,1.08397,0.982523,1.23614,1.24458,1.20658,0.99113,1.01342,1.13477,1.30946,1.18458,1.11452,1.38396,1.36324,6.09315e+08,-27.8654,-31.7811,-35.767,-39.4959,-42.6257,-44.5183,-47.0816,-51.9597,-52.0638,-51.0116,-39.1987,-32.0226,-28.906,-34.2126,-37.9617,-41.0565,-44.0838,-46.1077,-51.604,-52.116,-51.4815,-45.6851,-41.467,-30.4414,-34.8191,-37.6491,-39.9583,-42.192,-43.6199,-44.7934,-45.5023,-45.4581,-45.011,-44.0186,-41.6186,-38.4311,-33.4672,-27.9194,-31.9453,-36.7422,-39.7377,-42.4693,-44.5312,-45.8167,-46.8485,-47.2804,-47.3044,-46.8861,-45.9356,-43.9107,-42.2497,-39.6741,-36.1059,-32.1979,-35.7294,-38.3486,-40.3723,-42.8001,-44.4703,-45.6443,-56.1686,-55.5677,-50.8813,-48.0739,-43.5984,-34.202,-30.2966,-33.3481,-36.4519,-38.5933,-40.6419,-42.3206,-43.8597,-44.3636,-26.8776,-31.9759,-36.1467,-39.3694,-42.564,-29.3621,-32.4531,-34.4608,-36.6942,-38.161,-39.6017,-40.6783,-41.1997,-51.0801,-22.3771,-47.9163,-23.3271,-51.2431,-23.4475,-52.9501,-38.5729,-43.1661,-31.6159,-41.6062,-19.8776,-45.908,-35.7249,-45.0154,-29.9783,-41.1837,-28.8048,-46.8905,-47.2051,-45.4617,-35.8902,-38.0679,-51.0801,-45.908,-44.6151,-44.3577,-37.6219,-45.2578,-43.5122,-37.7051,-43.2057,-45.0579,-47.3185,-46.6178,-46.6651,-46.8713,-53.3385,-52.0301,-52.6292,-33.8822,-48.2493,-55.7363,-55.7289,-53.2277,-52.9718,-39.3534,-37.3119,-27.1511,-32.5816,-35.4478,-36.6936,-38.3848,-42.8372,-44.4937,-45.2622,-46.4353,-45.2408,-47.2711,-41.6287,-44.0764,-36.7656,-44.4153,-46.67,-45.9329,-45.8731,-41.6296,-32.7512,-37.0351,-38.9062,-36.1849,-36.6116,-31.6401
gen=39_member=1151_de,1.42922,1.2114,1.27225,1.28867,1.08907,1.1035,1.20848,1.18955,1.09239,1.23724,1.24563,1.20754,0.991871,1.03618,1.15671,1.47075,1.22602,1.16084,1.43546,1.47546,6.1617e+08,-28.7718,-32.7687,-36.8726,-40.7323,-43.9978,-45.9771,-48.6527,-54.6918,-54.5532,-53.2949,-40.5447,-33.1082,-29.6622,-35.068,-38.9155,-42.0875,-45.1941,-47.2351,-52.7144,-53.1735,-52.4696,-46.6414,-42.4145,-30.8262,-35.2392,-38.0889,-40.413,-42.6664,-44.0926,-45.2155,-45.913,-45.8431,-45.3499,-44.3034,-41.8655,-38.6507,-33.6642,-28.1081,-32.0083,-36.8064,-39.8045,-42.5363,-44.5976,-45.8839,-46.9136,-47.3449,-47.3736,-46.9568,-46.0032,-43.9749,-42.3064,-39.722,-36.1483,-32.2223,-35.7522,-38.3699,-40.3932,-42.8218,-44.4917,-45.6646,-59.0323,-59.1364,-53.5084,-50.3596,-45.57,-35.8104,-31.0144,-34.1551,-37.3765,-39.6223,-41.7811,-43.5834,-45.1413,-45.6331,-27.806,-33.0219,-37.3391,-40.7193,-44.1413,-30.0335,-33.1168,-35.1105,-37.3933,-38.9058,-40.413,-41.5443,-42.0916,-58.1524,-40.1998,-52.178,-23.4093,-55.5271,-26.5622,-55.6528,-29.1806,-44.1036,-26.3036,-44.9511,-25.6926,-47.716,-33.8,-47.6568,-30.5393,-43.7339,-26.3454,-46.9364,-47.2492,-45.5022,-35.9221,-39.06,-58.1524,-47.716,-45.2963,-44.9065,-37.9258,-45.6813,-44.0309,-37.7492,-43.2647,-45.1239,-47.3891,-46.7049,-46.7737,-46.9875,-54.5518,-53.2171,-53.7768,-34.4016,-49.0954,-58.6927,-58.2209,-56.9046,-55.9616,-39.3663,-37.3317,-27.4294,-32.6818,-35.9379,-37.5788,-39.2933,-43.869,-45.586,-46.3892,-47.6506,-46.483,-48.6013,-42.603,-45.2171,-37.2051,-44.9941,-47.3835,-45.9612,-45.9056,-41.6438,-32.7589,-37.0449,-38.9271,-36.21,-36.6173,-31.6481
gen=39_member=1152_de,1.23498,1.27617,1.29166,1.42784,1.11794,1.20812,1.21156,1.1276,1.17403,1.2378,1.24616,1.20803,0.992255,1.04677,1.1699,1.41063,1.22421,1.18356,1.42418,1.44248,6.17092e+08,-28.8406,-32.838,-36.9282,-40.7944,-44.0306,-45.9856,-48.6291,-55.0499,-54.7894,-53.4703,-40.6438,-33.1909,-29.9207,-35.3671,-39.2454,-42.4226,-45.5412,-47.5552,-52.9932,-53.4046,-52.6377,-46.6842,-42.4298,-31.0299,-35.4635,-38.3261,-40.6608,-42.9276,-44.3538,-45.4478,-46.1378,-46.0521,-45.533,-44.4565,-41.9971,-38.7667,-33.7667,-28.2049,-32.044,-36.8424,-39.8418,-42.5735,-44.6344,-45.921,-46.9495,-47.3803,-47.4115,-46.9953,-46.0399,-44.0096,-42.337,-39.7478,-36.1709,-32.2366,-35.7654,-38.3822,-40.4051,-42.834,-44.5038,-45.6761,-58.4104,-58.2041,-53.1292,-49.9851,-45.2703,-35.5736,-31.2404,-34.4149,-37.6922,-39.9988,-42.2275,-44.0908,-45.6167,-46.0807,-27.7521,-32.9348,-37.2036,-40.5266,-43.8427,-30.2471,-33.3381,-35.3335,-37.6386,-39.1703,-40.7028,-41.8491,-42.3978,-55.5138,-0.485652,-53.1624,-18.4566,-55.5571,-21.9116,-56.0594,-30.7711,-44.7357,-19.9076,-46.6525,-28.1413,-47.6408,-24.3927,-46.628,-20.728,-45.2119,-25.768,-46.9619,-47.2736,-45.5243,-35.9393,-39.528,-55.5138,-47.6408,-45.682,-45.2121,-38.0847,-45.9096,-44.3187,-37.7728,-43.2966,-45.1597,-47.4277,-46.7523,-46.8328,-47.051,-54.5802,-53.2655,-53.8888,-34.5488,-49.2599,-58.3028,-57.9239,-56.6138,-55.8783,-39.3734,-37.3431,-27.5268,-32.7377,-36.106,-37.7583,-39.4878,-44.0917,-45.8268,-46.6644,-47.9503,-46.8726,-48.9379,-42.9521,-45.5903,-37.4133,-45.2777,-47.7459,-45.9768,-45.9235,-41.6518,-32.7624,-37.0501,-38.9391,-36.2245,-36.621,-31.653
gen=39_member=1153_de,0.995603,0.801559,1.0665,1.02588,1.0107,0.741532,1.04233,0.930679,0.919887,1.23496,1.24344,1.20554,0.990311,0.991866,1.10962,1.27696,1.12418,1.0831,1.36232,1.33071,6.04e+08,-27.0498,-30.8897,-34.757,-38.3719,-41.3658,-43.1741,-45.6437,-49.7868,-50.1998,-49.3545,-38.2477,-31.257,-28.22,-33.4391,-37.1053,-40.1425,-43.113,-45.1383,-50.7009,-51.2807,-50.7364,-45.0542,-40.8663,-30.0578,-34.3969,-37.2035,-39.4939,-41.7031,-43.1317,-44.3599,-45.0826,-45.0675,-44.6693,-43.7335,-41.3737,-38.2154,-33.2764,-27.7396,-31.8844,-36.68,-39.6728,-42.4041,-44.4665,-45.7513,-46.7854,-47.218,-47.2375,-46.8179,-45.8708,-43.8497,-42.1966,-39.6303,-36.0685,-32.1762,-35.7091,-38.3299,-40.354,-42.7809,-44.4513,-45.6264,-54.8592,-54.2653,-49.6885,-47.0763,-42.7113,-33.4696,-29.7539,-32.7407,-35.765,-37.8417,-39.826,-41.4243,-42.9388,-43.444,-25.9521,-30.9127,-34.907,-37.9383,-40.838,-28.856,-31.9598,-33.9825,-36.1831,-37.6193,-39.0137,-40.0508,-40.5517,-49.6649,-31.715,-43.876,-29.5902,-49.3402,-35.1594,-50.4986,-35.8526,-41.9747,-34.2802,-38.4366,-23.687,-43.2648,-34.5902,-41.5817,-30.2825,-39.5342,-41.4869,-46.8466,-47.1633,-45.424,-35.8626,-37.1299,-49.6649,-43.2648,-43.8907,-43.7854,-37.3235,-44.8294,-42.9734,-37.6655,-43.1502,-44.9948,-47.2501,-46.533,-46.5586,-46.7566,-52.4736,-51.1412,-51.7683,-33.4643,-47.6069,-54.2176,-54.2224,-51.537,-51.2329,-39.3436,-37.2947,-26.9479,-32.4828,-35.091,-36.0103,-37.6874,-42.0456,-43.6576,-44.4085,-45.5152,-44.3257,-46.2648,-40.9246,-43.2417,-36.3528,-43.8601,-45.9714,-45.9073,-45.8433,-41.6182,-32.7485,-37.0289,-38.8878,-36.1624,-36.6092,-31.6357
gen=39_member=1154_de,1.25616,1.15225,1.16585,1.04838,1.13668,1.023,1.21896,1.13581,1.04049,1.23709,1.24549,1.20741,0.991778,1.03028,1.15887,1.39812,1.2212,1.13926,1.41106,1.4213,6.13466e+08,-28.3711,-32.3303,-36.3802,-40.177,-43.3781,-45.3154,-47.9359,-53.38,-53.185,-51.9799,-39.8131,-32.522,-29.4367,-34.8081,-38.6169,-41.7535,-44.8245,-46.8528,-52.3278,-52.8003,-52.1118,-46.2642,-42.0326,-30.7785,-35.192,-38.0453,-40.3744,-42.6336,-44.063,-45.1867,-45.8826,-45.8112,-45.3201,-44.2771,-41.8413,-38.6279,-33.6421,-28.085,-32.0036,-36.8014,-39.7992,-42.5309,-44.5922,-45.8784,-46.9082,-47.3396,-47.3678,-46.9508,-45.9974,-43.9694,-42.3015,-39.7179,-36.1446,-32.2216,-35.7515,-38.3693,-40.3925,-42.8209,-44.4909,-45.6639,-57.6801,-57.4382,-52.053,-49.1268,-44.4991,-34.9356,-30.6863,-33.7853,-36.9515,-39.148,-41.2546,-42.999,-44.5485,-45.0463,-27.4193,-32.5874,-36.8445,-40.1543,-43.4748,-29.7267,-32.8125,-34.812,-37.0714,-38.5623,-40.0385,-41.1443,-41.6797,-54.97,-28.4626,-50.6512,-23.9381,-52.8675,-21.4792,-53.2899,-14.9305,-44.4126,-33.2274,-43.6922,-21.312,-47.5144,-37.3759,-46.4099,-28.2509,-42.5499,-24.3834,-46.9329,-47.2458,-45.499,-35.9194,-38.8063,-54.97,-47.5144,-45.2822,-44.8796,-37.8898,-45.6432,-44.0021,-37.7454,-43.2597,-45.1183,-47.3832,-46.6974,-46.7643,-46.9776,-54.0823,-52.7695,-53.3482,-34.237,-48.7965,-57.1769,-56.9986,-54.7479,-54.0495,-39.3666,-37.3312,-27.3027,-32.6731,-35.7121,-37.1747,-38.878,-43.3972,-45.086,-45.8715,-47.0917,-45.9096,-47.9885,-42.1528,-44.6904,-37.12,-44.8907,-47.2694,-45.9593,-45.9032,-41.6439,-32.7606,-37.0458,-38.9265,-36.2091,-36.6185,-31.6489
gen=39_member=1155_de,1.22089,1.14847,1.31207,1.21932,1.03289,1.10665,1.23101,1.20944,0.963113,1.23681,1.24521,1.20715,0.991567,1.03215,1.14536,1.40102,1.23101,1.12015,1.41868,1.43356,6.14144e+08,-28.4276,-32.3972,-36.4778,-40.287,-43.5403,-45.5185,-48.1971,-53.9338,-53.8797,-52.6695,-40.1579,-32.7939,-29.5535,-34.9479,-38.7871,-41.9528,-45.0504,-47.0841,-52.5377,-52.9912,-52.2818,-46.4246,-42.1907,-30.7142,-35.1116,-37.9493,-40.2623,-42.5015,-43.925,-45.0678,-45.7712,-45.713,-45.237,-44.2097,-41.7857,-38.5809,-33.603,-28.0511,-31.9897,-36.7871,-39.7842,-42.5158,-44.5772,-45.8633,-46.8937,-47.3252,-47.3525,-46.9352,-45.9828,-43.956,-42.2902,-39.7091,-36.1377,-32.2157,-35.7459,-38.364,-40.3873,-42.8156,-44.4857,-45.6589,-58.1629,-57.9075,-52.7085,-49.6405,-44.9544,-35.3082,-30.5529,-33.6273,-36.7489,-38.8938,-40.941,-42.6397,-44.2389,-44.7714,-27.6073,-32.8255,-37.1515,-40.5392,-43.9938,-29.6006,-32.6775,-34.6743,-36.918,-38.3964,-39.8575,-40.9594,-41.5013,-55.0964,-22.6643,-50.9247,-18.1487,-55.3536,-30.388,-54.8382,-24.4583,-43.4168,-20.3883,-44.8508,-25.6845,-47.9446,-37.1716,-47.7668,-33.9015,-41.2011,-15.6993,-46.9227,-47.2362,-45.4907,-35.9144,-38.8911,-55.0964,-47.9446,-45.0269,-44.7045,-37.8321,-45.5404,-43.8435,-37.7378,-43.2477,-45.1042,-47.3674,-46.6779,-46.7394,-46.9506,-54.3096,-52.9988,-53.5659,-34.2986,-48.9303,-57.9328,-57.6073,-56.1885,-55.214,-39.3626,-37.3262,-27.2461,-32.6514,-35.6144,-37.2013,-38.8841,-43.3941,-45.0694,-45.807,-47.0108,-45.707,-47.8758,-41.936,-44.4861,-37.0952,-44.8444,-47.1903,-45.9534,-45.8965,-41.6398,-32.7562,-37.0419,-38.9212,-36.203,-36.6172,-31.6476
gen=39_member=1156_de,1.30678,1.06643,1.40361,1.06283,1.1175,0.887049,1.19767,1.17291,1.1331,1.2365,1.24492,1.20689,0.991365,1.01774,1.14546,1.43217,1.21785,1.16969,1.42415,1.45438,6.14274e+08,-28.7404,-32.7322,-36.8221,-40.6747,-43.9139,-45.8705,-48.5066,-53.7351,-53.8381,-52.6739,-40.1591,-32.7942,-29.1278,-34.449,-38.2182,-41.346,-44.4004,-46.4612,-51.9894,-52.5211,-51.9098,-46.2134,-42.0152,-30.5543,-34.9462,-37.7866,-40.1057,-42.3521,-43.7824,-44.9369,-45.6405,-45.5855,-45.1222,-44.1116,-41.6988,-38.5022,-33.5305,-27.9792,-31.9647,-36.7622,-39.7587,-42.4905,-44.5524,-45.8383,-46.8696,-47.3015,-47.3272,-46.9095,-45.9583,-43.9326,-42.2693,-39.6911,-36.1214,-32.2051,-35.7362,-38.355,-40.3786,-42.8067,-44.4769,-45.6506,-58.5136,-58.4548,-53.0742,-49.9531,-45.21,-35.508,-31.0662,-34.2171,-37.4575,-39.7252,-41.9067,-43.7224,-45.2387,-45.7054,-27.7075,-32.9005,-37.1885,-40.541,-43.917,-30.082,-33.1673,-35.16,-37.4465,-38.9609,-40.4691,-41.5936,-42.1305,-56.4613,-27.101,-49.8563,-7.78085,-56.7276,-36.1672,-54.705,-10.7398,-43.8193,-25.9307,-41.4272,-5.29282,-47.3613,-31.4107,-47.2669,-28.84,-44.3901,-26.7052,-46.9054,-47.2196,-45.4754,-35.9018,-38.2522,-56.4613,-47.3613,-44.8732,-44.5526,-37.7165,-45.3959,-43.6934,-37.721,-43.226,-45.0802,-47.3416,-46.6467,-46.701,-46.9094,-54.0454,-52.7085,-53.2108,-34.0662,-48.601,-58.3587,-57.8698,-56.9804,-55.5757,-39.357,-37.3177,-27.4443,-32.6126,-35.963,-37.4051,-39.1419,-43.7141,-45.4418,-46.2947,-47.5676,-46.5018,-48.5468,-42.6644,-45.2459,-36.8868,-44.5724,-46.8635,-45.9424,-45.884,-41.6337,-32.7526,-37.0375,-38.9124,-36.1925,-36.6136,-31.643
gen=39_member=1157_de,1.23066,1.04579,1.26431,1.29925,1.07751,1.04218,1.17015,1.14892,0.981531,1.23679,1.2452,1.20715,0.991569,1.02788,1.14849,1.39596,1.20159,1.12062,1.41193,1.42518,6.12649e+08,-28.1962,-32.1432,-36.1825,-39.9606,-43.1611,-45.1032,-47.7357,-53.0904,-53.2426,-52.1392,-39.8287,-32.5249,-29.3678,-34.7377,-38.5478,-41.6867,-44.7614,-46.7896,-52.273,-52.7474,-52.064,-46.2315,-42.0052,-30.6862,-35.0862,-37.9285,-40.2471,-42.493,-43.9198,-45.0613,-45.7631,-45.7027,-45.2265,-44.2,-41.7762,-38.5717,-33.5938,-28.0413,-31.9863,-36.7838,-39.7809,-42.5126,-44.5741,-45.8601,-46.8906,-47.3222,-47.3493,-46.932,-45.9797,-43.953,-42.2873,-39.7063,-36.1349,-32.2143,-35.7446,-38.3628,-40.3862,-42.8145,-44.4845,-45.6578,-57.7186,-57.5111,-52.3676,-49.3516,-44.6955,-35.0919,-30.4724,-33.541,-36.6617,-38.8124,-40.8684,-42.5655,-44.1338,-44.65,-27.2809,-32.4418,-36.6936,-40.0047,-43.337,-29.5262,-32.6096,-34.6108,-36.8522,-38.3276,-39.7824,-40.8745,-41.4071,-54.8766,-29.4662,-49.1366,-21.2824,-54.4148,-32.0396,-54.5529,-35.8036,-43.746,-29.6429,-43.8583,-26.5929,-46.6541,-34.5034,-46.4927,-31.9802,-41.3864,-23.7738,-46.9204,-47.234,-45.4884,-35.9119,-38.7022,-54.8766,-46.6541,-45.0465,-44.7057,-37.8157,-45.5268,-43.8411,-37.735,-43.2447,-45.1012,-47.3642,-46.6743,-46.7351,-46.946,-54.0163,-52.6919,-53.2857,-34.1985,-48.7521,-57.3913,-57.058,-55.5771,-54.7578,-39.362,-37.3251,-27.2168,-32.6461,-35.5627,-36.9864,-38.6771,-43.1663,-44.8376,-45.5975,-46.7934,-45.552,-47.6546,-41.8454,-44.3529,-37.0443,-44.7828,-47.1242,-45.9516,-45.8946,-41.6391,-32.7562,-37.0416,-38.9201,-36.2017,-36.6158,-31.6459
gen=39_member=1158_de,1.20798,1.1996,1.11785,1.16161,1.16315,1.09373,1.22958,1.19562,1.12975,1.23755,1.24593,1.20781,0.992075,1.03874,1.16961,1.38385,1.22958,1.16902,1.41071,1.41369,6.15189e+08,-28.7664,-32.7603,-36.8545,-40.7057,-43.9452,-45.8987,-48.52,-53.7683,-53.4616,-52.2046,-39.9564,-32.641,-29.6755,-35.0796,-38.9161,-42.066,-45.1523,-47.1704,-52.6162,-53.0573,-52.3269,-46.4076,-42.1589,-30.9388,-35.3691,-38.2329,-40.5707,-42.8411,-44.2708,-45.3718,-46.0619,-45.9783,-45.4669,-44.4005,-41.9481,-38.723,-33.7275,-28.1669,-32.0308,-36.8292,-39.8281,-42.56,-44.6211,-45.9077,-46.9367,-47.3678,-47.3982,-46.9819,-46.0272,-43.9979,-42.3268,-39.7395,-36.1639,-32.2322,-35.7614,-38.3786,-40.4016,-42.8304,-44.5003,-45.6729,-57.6845,-57.313,-52.0027,-49.0804,-44.4713,-34.9193,-31.0653,-34.2158,-37.4546,-39.7199,-41.8986,-43.7123,-45.2314,-45.7002,-27.7644,-32.9691,-37.2719,-40.638,-44.0382,-30.0808,-33.1655,-35.158,-37.4443,-38.9587,-40.467,-41.5924,-42.1305,-54.3366,-36.0736,-51.4971,-34.8137,-52.2923,-28.4746,-53.6705,-33.6394,-44.9353,-44.3149,-44.9101,-37.2678,-47.8739,-46.0657,-47.6139,-41.8426,-44.3351,-39.044,-46.9532,-47.2654,-45.5171,-35.9342,-39.1746,-54.3366,-47.8739,-45.5903,-45.1231,-38.0189,-45.8259,-44.2312,-37.7654,-43.2859,-45.1475,-47.4141,-46.7356,-46.8118,-47.0283,-54.2708,-52.9718,-53.5669,-34.3797,-48.99,-57.2081,-57.1641,-54.517,-54.0718,-39.3721,-37.3398,-27.4438,-32.7163,-35.9626,-37.4446,-39.1756,-43.7466,-45.4699,-46.3112,-47.579,-46.5013,-48.5491,-42.662,-45.2461,-37.2898,-45.1185,-47.5571,-45.972,-45.9179,-41.6501,-32.7636,-37.0498,-38.9356,-36.22,-36.6216,-31.6531
gen=39_member=1159_de,1.09009,0.921746,1.16453,1.09358,0.977193,0.778718,1.05952,0.956307,0.816083,1.23496,1.24344,1.20554,0.990308,0.994089,1.10629,1.32234,1.13579,1.05558,1.37763,1.36562,6.05055e+08,-26.991,-30.83,-34.712,-38.3248,-41.3599,-43.2079,-45.7523,-51.0393,-51.3248,-50.3764,-38.8179,-31.7116,-28.3301,-33.5652,-37.2518,-40.3108,-43.3016,-45.3379,-50.9028,-51.4786,-50.9304,-45.2711,-41.0881,-30.0605,-34.3962,-37.1986,-39.4843,-41.6879,-43.1143,-44.3458,-45.0703,-45.0582,-44.6621,-43.728,-41.3696,-38.2122,-33.274,-27.7379,-31.8831,-36.6787,-39.6714,-42.4026,-44.465,-45.7497,-46.7837,-47.2163,-47.2356,-46.8159,-45.8688,-43.8476,-42.1945,-39.6281,-36.0661,-32.1754,-35.7084,-38.3291,-40.3532,-42.7801,-44.4505,-45.6255,-55.7349,-55.3535,-50.6623,-47.8899,-43.4186,-34.045,-29.5381,-32.4874,-35.4499,-37.4598,-39.3723,-40.9155,-42.508,-43.0651,-26.0276,-31.0218,-35.062,-38.1394,-41.1211,-28.6547,-31.7532,-33.778,-35.9599,-37.3817,-38.7592,-39.7962,-40.3105,-51.6579,-26.1302,-46.1965,-18.7135,-51.5204,-29.7368,-51.9225,-26.2301,-41.684,-25.0252,-39.051,-13.592,-43.7753,-28.1961,-42.1821,-22.6749,-37.5994,-20.3452,-46.8453,-47.1618,-45.4224,-35.8605,-37.2272,-51.6579,-43.7753,-43.8457,-43.76,-37.3223,-44.821,-42.9518,-37.6632,-43.1481,-44.9928,-47.2482,-46.5308,-46.556,-46.754,-52.7577,-51.4139,-52.0174,-33.5427,-47.7645,-55.2556,-55.0293,-53.1181,-52.5441,-39.343,-37.294,-26.8739,-32.4813,-34.9571,-36.136,-37.7734,-42.1185,-43.7047,-44.3663,-45.4411,-44.0562,-46.1263,-40.6252,-42.9704,-36.3746,-43.8841,-45.9919,-45.9059,-45.8418,-41.6176,-32.7479,-37.0283,-38.887,-36.1615,-36.6072,-31.6335
gen=39_member=1160_de,1.3033,1.18996,1.4249,1.37924,1.12564,1.1925,1.18402,1.2154,1.10897,1.23776,1.24613,1.20799,0.99222,1.04634,1.17052,1.4418,1.21843,1.16703,1.43435,1.46718,6.17458e+08,-28.8849,-32.8917,-37.0102,-40.8881,-44.1715,-46.1617,-48.8488,-54.9552,-54.9359,-53.6768,-40.7232,-33.248,-29.9285,-35.3729,-39.251,-42.4327,-45.555,-47.5786,-53.0337,-53.4558,-52.7026,-46.7876,-42.542,-31.0312,-35.4653,-38.3286,-40.6642,-42.9322,-44.3589,-45.4525,-46.1424,-46.0565,-45.5371,-44.4605,-42.0013,-38.7714,-33.7723,-28.2117,-32.0453,-36.8436,-39.843,-42.5747,-44.6356,-45.9223,-46.9508,-47.3817,-47.413,-46.9969,-46.0416,-44.0115,-42.3389,-39.7496,-36.1728,-32.2378,-35.7665,-38.3832,-40.4061,-42.8351,-44.5049,-45.6771,-59.0094,-58.9621,-53.7309,-50.4924,-45.6993,-35.9176,-31.1126,-34.2643,-37.5008,-39.7604,-41.9333,-43.7507,-45.3061,-45.7938,-27.9033,-33.1289,-37.4595,-40.8605,-44.3138,-30.1259,-33.2075,-35.1988,-37.4872,-39.0048,-40.5194,-41.6557,-42.2047,-56.8841,-24.2635,-52.0847,-19.4167,-57.6614,-38.4376,-56.5749,-36.4549,-44.798,-27.3818,-46.4476,-33.1319,-47.3886,-29.8233,-48.1362,-32.1865,-44.0967,-25.2215,-46.9631,-47.2748,-45.5257,-35.9408,-39.512,-56.8841,-47.3886,-45.6926,-45.2189,-38.0892,-45.9141,-44.3247,-37.7747,-43.2984,-45.1615,-47.4292,-46.7541,-46.8348,-47.0529,-54.7061,-53.3774,-53.9817,-34.5706,-49.312,-59.0068,-58.4481,-57.864,-56.6496,-39.3745,-37.3441,-27.4713,-32.7391,-36.0036,-37.6623,-39.3827,-43.9726,-45.6986,-46.513,-47.7869,-46.6346,-48.7559,-42.7284,-45.3577,-37.4167,-45.2797,-47.7462,-45.978,-45.9247,-41.6528,-32.7641,-37.0514,-38.9401,-36.2256,-36.6227,-31.6546
gen=39_member=1161_de,1.38694,1.25787,1.32896,1.31942,1.17165,1.04604,1.2366,1.18095,1.01833,1.23748,1.24586,1.20775,0.992039,1.03632,1.16853,1.46217,1.23659,1.1395,1.43569,1.47409,6.16303e+08,-28.6291,-32.6136,-36.7089,-40.548,-43.8164,-45.805,-48.5072,-55.0755,-54.8897,-53.5935,-40.7069,-33.2381,-29.658,-35.0527,-38.8856,-42.0461,-45.1405,-47.1845,-52.6734,-53.1447,-52.4534,-46.6391,-42.4146,-30.9073,-35.3347,-38.1974,-40.5348,-42.8047,-44.2351,-45.3397,-46.0305,-45.9485,-45.4404,-44.3779,-41.9282,-38.7049,-33.7107,-28.15,-32.0255,-36.8237,-39.8225,-42.5543,-44.6154,-45.902,-46.9311,-47.3622,-47.3922,-46.9757,-46.0213,-43.9922,-42.3217,-39.735,-36.1598,-32.2295,-35.7589,-38.3761,-40.3992,-42.8279,-44.4978,-45.6704,-59.0821,-59.1354,-53.6595,-50.4655,-45.6697,-35.8935,-30.8025,-33.9096,-37.0802,-39.2743,-41.3782,-43.1341,-44.7342,-45.2573,-27.7477,-32.9686,-37.2937,-40.676,-44.108,-29.8359,-32.9159,-34.912,-37.1773,-38.6754,-40.1645,-41.289,-41.8411,-57.782,-33.2683,-52.9346,-14.9297,-56.3945,-26.2416,-56.0937,-26.4804,-44.9365,-28.5165,-44.2185,-9.5593,-48.1903,-32.7879,-47.5185,-25.7355,-42.3667,-3.45888,-46.949,-47.2613,-45.5132,-35.9309,-39.0707,-57.782,-48.1903,-45.5434,-45.0829,-37.9945,-45.793,-44.1925,-37.7612,-43.2806,-45.1417,-47.408,-46.7282,-46.8027,-47.0187,-54.557,-53.2251,-53.767,-34.4067,-49.0864,-58.8697,-58.347,-57.3393,-56.308,-39.37,-37.3374,-27.353,-32.7081,-35.7994,-37.5468,-39.2346,-43.787,-45.481,-46.227,-47.4585,-46.1737,-48.3569,-42.3086,-44.919,-37.2602,-45.0744,-47.4972,-45.969,-45.9145,-41.6479,-32.761,-37.0477,-38.9331,-36.2173,-36.6196,-31.6509
gen=39_member=1162_de,0.998953,1.2016,1.1904,1.08878,1.07899,1.08124,1.13551,1.18672,1.10908,1.2369,1.2453,1.20724,0.991632,1.03041,1.15105,1.31197,1.18713,1.16012,1.39221,1.37288,6.13226e+08,-28.5421,-32.5181,-36.5852,-40.415,-43.6293,-45.5681,-48.1711,-53.5169,-53.1748,-51.9063,-39.7759,-32.4962,-29.3997,-34.7783,-38.5921,-41.7223,-44.7909,-46.7981,-52.2482,-52.6979,-51.9821,-46.0648,-41.8192,-30.7306,-35.135,-37.9799,-40.3004,-42.5488,-43.9752,-45.1105,-45.8106,-45.7469,-45.2651,-44.2322,-41.8038,-38.5959,-33.6151,-28.0612,-31.994,-36.7915,-39.7889,-42.5205,-44.5819,-45.868,-46.8981,-47.3295,-47.3571,-46.9398,-45.987,-43.9596,-42.293,-39.7108,-36.1386,-32.2175,-35.7476,-38.3655,-40.3889,-42.8172,-44.4872,-45.6603,-56.704,-56.0376,-51.3391,-48.4565,-43.9455,-34.4928,-30.9207,-34.0534,-37.2705,-39.5182,-41.6801,-43.4744,-44.9948,-45.4679,-27.474,-32.636,-36.8875,-40.2132,-43.5543,-29.9463,-33.0345,-35.0316,-37.3098,-38.8169,-40.3146,-41.4323,-41.9679,-51.1864,-22.449,-51.3463,-35.3552,-52.6926,-33.9458,-53.1311,-29.0173,-43.8498,-35.4906,-44.4514,-36.3622,-46.0173,-36.8192,-47.1567,-40.939,-43.8615,-36.9635,-46.9258,-47.239,-45.4928,-35.915,-38.8149,-51.1864,-46.0173,-45.1267,-44.7701,-37.849,-45.5751,-43.9021,-37.739,-43.2508,-45.1082,-47.3722,-46.6839,-46.7473,-46.9592,-53.8061,-52.5067,-53.1444,-34.1914,-48.6932,-56.5261,-56.5343,-54.1088,-53.5853,-39.3637,-37.3277,-27.3921,-32.6582,-35.8713,-37.3225,-39.0441,-43.5923,-45.3015,-46.1265,-47.3747,-46.279,-48.316,-42.4819,-45.0415,-37.0852,-44.8416,-47.203,-45.9549,-45.8982,-41.6409,-32.7573,-37.0429,-38.9228,-36.2048,-36.6169,-31.6471
gen=39_member=1163_de,1.26356,1.23132,1.47155,1.10129,1.03358,1.2023,1.18372,1.2243,1.09963,1.23729,1.24567,1.20758,0.991906,1.04147,1.15331,1.42938,1.21812,1.16477,1.43134,1.46048,6.16867e+08,-28.8788,-32.8865,-37.0076,-40.8866,-44.175,-46.1693,-48.8618,-55.0459,-54.8734,-53.5601,-40.6878,-33.2236,-29.8153,-35.2512,-39.1281,-42.3157,-45.4405,-47.4689,-52.9176,-53.3432,-52.5978,-46.7006,-42.4587,-30.8629,-35.274,-38.119,-40.4372,-42.6832,-44.1057,-45.2294,-45.9286,-45.8609,-45.367,-44.3186,-41.8796,-38.6637,-33.6762,-28.1204,-32.0125,-36.8105,-39.8088,-42.5405,-44.6018,-45.8882,-46.9178,-47.3491,-47.3781,-46.9614,-46.0078,-43.9797,-42.311,-39.7265,-36.1529,-32.2237,-35.7534,-38.371,-40.3943,-42.8229,-44.4929,-45.6658,-58.8862,-58.7708,-53.5508,-50.3385,-45.5644,-35.8068,-31.0918,-34.2407,-37.4723,-39.7264,-41.8935,-43.7066,-45.2697,-45.7625,-27.9057,-33.135,-37.4707,-40.8787,-44.3441,-30.1062,-33.1877,-35.1796,-37.4668,-38.9834,-40.4971,-41.6341,-42.1847,-56.3355,-22.4447,-52.6368,-22.9472,-58.0444,-43.283,-55.6568,-15.5195,-43.7131,-19.115,-46.3952,-34.9402,-47.371,-30.2108,-48.2725,-33.6892,-43.9355,-24.9975,-46.9395,-47.2524,-45.5054,-35.9257,-39.2939,-56.3355,-47.371,-45.2839,-44.9135,-37.949,-45.7036,-44.0413,-37.7537,-43.2693,-45.1287,-47.3936,-46.7104,-46.7801,-46.9944,-54.6198,-53.2945,-53.8889,-34.4826,-49.2092,-58.9539,-58.413,-57.8412,-56.3651,-39.3666,-37.3326,-27.4642,-32.6888,-35.9915,-37.6827,-39.3989,-43.9881,-45.7113,-46.5157,-47.7861,-46.6139,-48.748,-42.703,-45.3364,-37.2678,-45.073,-47.4735,-45.9634,-45.9082,-41.6443,-32.7581,-37.0447,-38.9282,-36.2114,-36.6181,-31.6492
gen=39_member=1164_de,1.16926,0.983935,1.17348,1.14846,1.06993,0.725609,1.12115,0.982788,0.810102,1.23542,1.24389,1.20595,0.990638,0.996625,1.1218,1.35536,1.16533,1.05746,1.38874,1.38848,6.06453e+08,-27.1665,-31.0221,-34.9328,-38.5685,-41.6392,-43.512,-46.0913,-51.7245,-51.9261,-50.9209,-39.1336,-31.9653,-28.4204,-33.6542,-37.3373,-40.3981,-43.3877,-45.4367,-51.0111,-51.5987,-51.0618,-45.4305,-41.2512,-30.1811,-34.5364,-37.355,-39.6567,-41.8804,-43.3113,-44.5178,-45.2341,-45.2064,-44.7896,-43.8331,-41.4584,-38.2892,-33.3407,-27.7989,-31.9039,-36.7002,-39.6941,-42.4257,-44.4881,-45.7733,-46.8067,-47.2392,-47.2603,-46.8413,-45.8932,-43.8709,-42.2151,-39.6457,-36.0819,-32.182,-35.7146,-38.3349,-40.359,-42.7863,-44.4567,-45.6314,-56.3818,-56.1149,-51.2105,-48.3659,-43.8305,-34.3811,-29.6153,-32.5723,-35.541,-37.5526,-39.4656,-41.0163,-42.629,-43.1957,-26.2707,-31.3065,-35.3993,-38.5264,-41.5855,-28.7263,-31.8208,-33.8426,-36.0283,-37.4542,-38.8388,-39.8846,-40.406,-53.1012,-28.9804,-47.4221,-19.9228,-52.1382,-28.1198,-52.6648,-27.5505,-42.7139,-30.3884,-38.3938,-7.28942,-45.0668,-31.7285,-42.9013,-21.7648,-37.6013,-16.7702,-46.8611,-47.1772,-45.4368,-35.8723,-37.3322,-53.1012,-45.0668,-44.1794,-44.0018,-37.4231,-44.98,-43.1744,-37.6796,-43.1696,-45.0167,-47.2734,-46.5623,-46.5955,-46.7963,-52.9933,-51.6502,-52.206,-33.6123,-47.8761,-55.8882,-55.6054,-53.7964,-53.1856,-39.3453,-37.2992,-26.9013,-32.5153,-35.0078,-36.3064,-37.94,-42.3039,-43.8954,-44.5449,-45.6289,-44.2064,-46.3219,-40.7223,-43.102,-36.4758,-44.0258,-46.1822,-45.9155,-45.8531,-41.6206,-32.7464,-37.0289,-38.8927,-36.1687,-36.6084,-31.6357
gen=39_member=1165_de,1.07095,0.999805,1.03341,1.26461,1.07585,0.88019,1.12293,1.11606,0.966522,1.23606,1.24449,1.2065,0.991062,1.01096,1.13454,1.31775,1.17267,1.10957,1.38241,1.36284,6.08846e+08,-27.8456,-31.7613,-35.7507,-39.4794,-42.6163,-44.5132,-47.0762,-51.7068,-51.7774,-50.7385,-39.0602,-31.9132,-28.8225,-34.1167,-37.8529,-40.9384,-43.9566,-45.9815,-51.4906,-52.014,-51.3938,-45.6164,-41.403,-30.4141,-34.7908,-37.621,-39.9311,-42.1657,-43.5949,-44.7707,-45.4799,-45.4367,-44.9922,-44.0031,-41.6056,-38.4201,-33.458,-27.9114,-31.9418,-36.7388,-39.7342,-42.4658,-44.5278,-45.8134,-46.8454,-47.2775,-47.3014,-46.8832,-45.9331,-43.9088,-42.2484,-39.6736,-36.1063,-32.1968,-35.7283,-38.3476,-40.3714,-42.7991,-44.4694,-45.6434,-56.0645,-55.5108,-50.674,-47.9233,-43.4623,-34.0904,-30.2469,-33.2907,-36.3821,-38.5101,-40.5428,-42.2066,-43.7481,-44.2559,-26.8691,-31.9714,-36.1507,-39.3908,-42.6187,-29.3152,-32.4042,-34.4112,-36.6389,-38.1009,-39.5349,-40.6065,-41.1261,-51.4462,-30.7066,-47.6954,-30.0361,-49.9407,-29.0568,-52.4421,-40.2891,-43.2167,-38.7128,-41.0746,-29.5933,-45.3857,-39.0539,-45.4877,-36.5075,-40.87,-32.0871,-46.8885,-47.2034,-45.4605,-35.8905,-37.9606,-51.4462,-45.3857,-44.5862,-44.3305,-37.6044,-45.2335,-43.4855,-37.7051,-43.2042,-45.0557,-47.3153,-46.614,-46.6601,-46.8655,-53.2411,-51.9276,-52.5278,-33.8361,-48.1751,-55.4808,-55.5501,-52.598,-52.5276,-39.3528,-37.311,-27.1281,-32.5757,-35.4086,-36.6288,-38.3181,-42.7619,-44.4141,-45.1786,-46.3457,-45.141,-47.1739,-41.5466,-43.9829,-36.7314,-44.3696,-46.6148,-45.9321,-45.8722,-41.6289,-32.7504,-37.0344,-38.9052,-36.1838,-36.6116,-31.6403
gen=39_member=1166_de,1.23662,1.32526,1.43353,1.33204,1.10143,1.12617,1.21645,1.21234,1.13149,1.23735,1.24573,1.20763,0.991934,1.03907,1.16086,1.4234,1.23146,1.17583,1.43173,1.45876,6.17711e+08,-29.0111,-33.0278,-37.1584,-41.0538,-44.3501,-46.3485,-49.0489,-55.7684,-55.4599,-54.0762,-40.99,-33.4699,-29.7527,-35.1686,-39.0246,-42.2001,-45.31,-47.3462,-52.8071,-53.2529,-52.5309,-46.6677,-42.4322,-30.8889,-35.3079,-38.1615,-40.4891,-42.7468,-44.1731,-45.2871,-45.9822,-45.9075,-45.4065,-44.351,-41.9069,-38.6877,-33.6976,-28.1405,-32.0206,-36.8185,-39.8169,-42.5486,-44.6097,-45.8961,-46.9254,-47.3566,-47.3861,-46.9694,-46.0153,-43.9865,-42.3168,-39.7309,-36.1562,-32.2279,-35.7573,-38.3747,-40.3978,-42.8264,-44.4963,-45.669,-58.9474,-58.7761,-53.7127,-50.4581,-45.6843,-35.9118,-31.2433,-34.4112,-37.671,-39.9532,-42.1525,-43.9984,-45.5628,-46.0506,-28.0136,-33.2488,-37.5897,-40.9988,-44.4579,-30.2492,-33.3319,-35.3229,-37.6227,-39.1509,-40.681,-41.8315,-42.3884,-56.076,-14.4025,-54.1752,-28.0304,-57.8232,-37.2148,-56.648,-30.9074,-44.3229,-22.8427,-45.3495,-23.9322,-47.9618,-31.9206,-48.2091,-30.6442,-44.5923,-26.0573,-46.9451,-47.2576,-45.5098,-35.9283,-39.1932,-56.076,-47.9618,-45.4161,-45.0009,-37.9756,-45.7513,-44.1196,-37.7575,-43.2754,-45.1358,-47.4018,-46.7203,-46.7926,-47.0078,-54.601,-53.2793,-53.8411,-34.4479,-49.1514,-59.0863,-58.5804,-57.908,-56.735,-39.3694,-37.3362,-27.5265,-32.7002,-36.1026,-37.9007,-39.6181,-44.2317,-45.9646,-46.7708,-48.056,-46.8919,-49.0349,-42.9255,-45.5949,-37.2685,-45.0782,-47.4899,-45.9669,-45.912,-41.6472,-32.7612,-37.0474,-38.9317,-36.2156,-36.6201,-31.6514
gen=39_member=1167_de,1.09767,0.689051,0.893615,0.896948,1.04544,0.576292,1.02245,0.895904,0.726571,1.23448,1.24298,1.20511,0.989972,0.978589,1.10396,1.29187,1.10846,1.01727,1.35439,1.32412,6.00292e+08,-26.3446,-30.1245,-33.9225,-37.4346,-40.3707,-42.1542,-44.6097,-48.2617,-48.8232,-48.1248,-37.566,-30.7105,-27.8127,-32.968,-36.5722,-39.5697,-42.4982,-44.5342,-50.1477,-50.7838,-50.3104,-44.7252,-40.5597,-29.8857,-34.2126,-37.0153,-39.3047,-41.5124,-42.9447,-44.1918,-44.9175,-44.9105,-44.5304,-43.6167,-41.272,-38.1248,-33.1948,-27.6604,-31.859,-36.6541,-39.6458,-42.3771,-44.4398,-45.7243,-46.7593,-47.1922,-47.2098,-46.7897,-45.844,-43.8244,-42.1743,-39.6116,-36.0522,-32.1669,-35.7004,-38.3217,-40.346,-42.7726,-44.4431,-45.6185,-54.3205,-53.8652,-48.9346,-46.5021,-42.1892,-33.038,-28.9919,-31.8705,-34.7367,-36.6579,-38.473,-39.907,-41.4778,-42.0424,-25.4013,-30.3201,-34.267,-37.2427,-40.0832,-28.1441,-31.2461,-33.2794,-35.4197,-36.8027,-38.1234,-39.1118,-39.6013,-50.327,-38.4229,-41.3253,-22.4109,-46.1315,-23.7531,-48.6316,-27.3691,-41.9393,-37.131,-35.5268,-12.8096,-42.58,-32.9875,-40.4694,-27.7353,-35.3799,-27.6017,-46.8284,-47.1458,-45.4081,-35.8504,-36.5511,-50.327,-42.58,-43.6434,-43.5739,-37.193,-44.6541,-42.7708,-37.6484,-43.127,-44.9687,-47.2218,-46.4982,-46.515,-46.7097,-52.0434,-50.6985,-51.3063,-33.2252,-47.2386,-53.1989,-53.3098,-49.7756,-49.7787,-39.3387,-37.2872,-26.659,-32.4416,-34.5773,-35.3635,-36.9913,-41.2362,-42.7781,-43.4284,-44.4362,-43.0495,-45.0387,-39.8516,-42.0493,-36.1415,-43.5813,-45.6297,-45.8963,-45.8306,-41.6128,-32.7453,-37.0251,-38.8798,-36.1527,-36.608,-31.6336
gen=39_member=1168_de,1.18284,0.744741,0.888462,1.02814,1.06008,0.55965,1.05401,0.897574,0.685017,1.23457,1.24307,1.2052,0.990051,0.978865,1.10619,1.32525,1.12375,1.00629,1.36376,1.34606,6.00942e+08,-26.3424,-30.122,-33.9264,-37.4373,-40.3896,-42.1891,-44.6766,-48.8667,-49.3839,-48.6468,-37.8521,-30.9377,-27.8479,-33.0032,-36.6092,-39.6134,-42.5465,-44.5928,-50.2144,-50.8579,-50.3935,-44.8375,-40.6778,-29.9025,-34.2321,-37.037,-39.3287,-41.5392,-42.9723,-44.2158,-44.9404,-44.9314,-44.5484,-43.6314,-41.2845,-38.1357,-33.2046,-27.6703,-31.8611,-36.6564,-39.6483,-42.3796,-44.4422,-45.7268,-46.7617,-47.1946,-47.2124,-46.7923,-45.8463,-43.8265,-42.1759,-39.6127,-36.0528,-32.1667,-35.7002,-38.3214,-40.3457,-42.7724,-44.4429,-45.6182,-54.8459,-54.5426,-49.4612,-46.9528,-42.5787,-33.3537,-28.9194,-31.7836,-34.6259,-36.5209,-38.3079,-39.721,-41.325,-41.9113,-25.4653,-30.4012,-34.3709,-37.365,-40.2373,-28.0769,-31.1761,-33.2099,-35.3431,-36.7209,-38.0357,-39.0251,-39.5207,-51.7957,-44.3765,-42.4567,-25.9307,-46.5619,-23.4972,-49.6024,-35.8815,-42.0947,-38.4052,-35.2937,-11.7516,-43.2552,-35.4985,-40.6158,-27.8781,-34.5768,-24.7994,-46.8296,-47.1469,-45.409,-35.8505,-36.5635,-51.7957,-43.2552,-43.6908,-43.6079,-37.2081,-44.6766,-42.802,-37.6491,-43.1288,-44.9709,-47.2245,-46.5017,-46.5197,-46.7149,-52.2008,-50.8506,-51.4298,-33.256,-47.305,-53.705,-53.7238,-50.3793,-50.4352,-39.3378,-37.2868,-26.6355,-32.4458,-34.5334,-35.4363,-37.0478,-41.2897,-42.8219,-43.4355,-44.4317,-42.9638,-45.0092,-39.7483,-41.961,-36.1593,-43.6032,-45.6565,-45.8964,-45.831,-41.612,-32.7433,-37.0238,-38.8795,-36.1526,-36.6054,-31.6311
gen=39_member=1169_de,1.12232,1.00015,1.26631,0.920754,0.955255,0.886028,1.09006,0.990398,0.814632,1.23531,1.24378,1.20585,0.990556,1.00332,1.1106,1.34341,1.1534,1.05915,1.38798,1.38474,6.06811e+08,-27.182,-31.0395,-34.9526,-38.5936,-41.669,-43.545,-46.1286,-51.826,-51.9584,-50.9173,-39.1456,-31.9767,-28.6254,-33.9046,-37.6349,-40.7243,-43.7467,-45.7803,-51.3159,-51.8565,-51.2637,-45.5509,-41.3549,-30.1842,-34.5288,-37.3341,-39.6208,-41.8259,-43.2498,-44.4677,-45.1898,-45.1716,-44.7625,-43.8125,-41.4431,-38.2776,-33.3327,-27.7941,-31.9012,-36.6972,-39.6907,-42.4221,-44.4843,-45.7693,-46.8028,-47.2352,-47.256,-46.8368,-45.8889,-43.8669,-42.2117,-39.6429,-36.0795,-32.1812,-35.7138,-38.334,-40.358,-42.7853,-44.4557,-45.6304,-56.3417,-56.0229,-51.1936,-48.3418,-43.8097,-34.3634,-29.6385,-32.5982,-35.5713,-37.5873,-39.5054,-41.0615,-42.675,-43.2411,-26.2676,-31.3005,-35.3901,-38.5185,-41.5793,-28.7482,-31.8429,-33.8646,-36.0522,-37.4799,-38.8672,-39.9152,-40.4377,-52.5781,-28.3092,-47.6967,-22.1043,-53.2893,-33.7773,-52.096,-12.4439,-41.7343,-21.9075,-40.8807,-17.3187,-44.5457,-29.4977,-43.0159,-22.2481,-37.7073,-15.7127,-46.8585,-47.1746,-45.4343,-35.8704,-37.6301,-52.5781,-44.5457,-44.0261,-43.9134,-37.4158,-44.9475,-43.0987,-37.677,-43.1659,-45.0125,-47.269,-46.5566,-46.5881,-46.7883,-53.1249,-51.7851,-52.3917,-33.722,-48.0499,-55.9907,-55.6586,-54.1744,-53.1906,-39.3448,-37.2984,-26.9116,-32.5111,-35.0252,-36.3409,-37.9749,-42.3431,-43.9366,-44.5863,-45.6731,-44.2509,-46.3692,-40.7568,-43.1429,-36.526,-44.083,-46.2349,-45.9139,-45.8512,-41.62,-32.7461,-37.0286,-38.8918,-36.1677,-36.6082,-31.6354
