real_name,alpha_l,alpha_t,hk1000,hk1001,hk1002,hk1003,hk1004,hk1005,hk1006,hk1007,hk1008,hk1009,hk1010,hk1011,hk1012,hk1013,hk1014,hk1015,hk1016,hk1017,hk1018,hk1019,hk1020,hk1021,hk1022,hk1023,hk1024,hk1025,hk1026,hk1027,hk1028,hk1029,hk1030,hk1031,hk1032,hk1033,hk1034,hk1035,hk1036,hk1037,hk1038,hk1039,hk1040,hk1041,hk1042,hk1043,hk1044,hk1045,hk1046,hk1047,hk1048,hk1049,hk1050,hk1051,hk1052,hk1053,hk1054,hk1055,hk1056,hk1057,hk1058,hk1059,hk1060,hk1061,hk1062,hk1063,hk1064,hk1065,hk1066,hk1067,hk1068,hk1069,hk1070,hk1071,hk1072,hk1073,hk1074,hk1075,hk1076,hk1077,hk1078,hk1079,hk1080,hk1081,hk1082,hk1083,hk1084,hk1085,hk1086,hk1087,hk1088,hk1089,hk1090,hk1091,hk1092,hk1093,hk1094,hk1095,hk1096,hk1097,hk1098,hk1099,hk1100,hk1101,hk1102,hk1103,hk1104,hk1105,hk1106,hk1107,hk1108,hk1109,hk1110,hk1111,hk1112,hk1113,hk1114,hk1115,hk1116,hk1117,hk1118,hk1119,hk1120,hk1121,hk1122,hk1123,hk1124,hk1125,hk1126,hk1127,hk1128,hk1129,hk1130,hk1131,hk1132,hk1133,hk1134,hk1135,hk1136,hk1137,hk1138,hk1139,hk1140,hk1141,hk1142,hk1143,hk1144,hk1145,hk1146,hk1147,hk1148,hk1149,hk1150,hk1151,hk1152,hk1153,hk1154,hk1155,hk1156,hk1157,hk1158,hk1159,hk1160,hk_dunes,hk_seabed,hk_valley,m,ne,qmuni1,qmuni2,qmuni3,qmuni4,qmuni5,qmuni6,qmuni7,qmuni8,qmuni9,rech_mmyr,slvl,ss,sy,realnme,_risk_
gen=74_member=690_de,3,0.0193985,0.000100482,0.000100482,0.000100482,0.000100482,0.000100482,0.000100482,0.000100482,0.000100482,0.000100482,0.000100482,0.000100482,0.000100482,0.000100482,0.000100482,0.000100482,0.000100482,0.000100482,0.000100482,0.000100482,0.000100482,0.000100482,0.000100482,0.000100482,0.000100482,0.000100482,0.000100482,0.000100482,0.000100482,0.000100482,0.000133445,0.000174125,0.000119126,0.000100482,0.000100482,0.000100482,0.000100482,0.000100482,0.000100482,0.000100482,0.000100482,0.000100482,0.000223177,0.000257884,0.000188135,0.000152827,0.000117487,0.000100482,0.000100482,0.000100482,0.000100482,0.000100482,0.000100482,0.000100482,0.000100482,0.000100482,0.000100482,0.000100482,0.000100482,0.000303643,0.000227284,0.000259587,0.00013923,0.000214134,0.000168426,9.9e-05,0.000100482,0.000100482,0.000100482,0.000100482,0.000100482,0.000100482,0.000100482,0.000100482,0.000100482,0.000100482,0.000100482,0.000199185,0.000421422,0.000230474,0.000174608,0.00033607,0.000174835,0.000100482,0.000100482,0.000100482,0.000100482,0.000100482,0.000100482,0.000100482,0.000100482,0.000100482,0.000100482,0.000100482,0.000277831,0.000205864,0.000269268,0.000283862,0.000174551,0.000132011,0.000122119,0.000125136,0.000100482,0.000100482,0.000100482,0.000100482,0.000100482,0.000100482,0.0002508,0.000355587,0.000186842,0.000147957,8.37e-05,8.68e-05,9.65e-05,9.87e-05,0.000100482,0.000100482,0.000100482,0.000100482,0.000269166,0.000185945,0.000139751,0.000100838,2.76e-05,2.27e-05,0.000100482,0.000100482,0.000100482,0.000100482,0.000100482,0.000100435,0.000166794,0.000196699,0.000109161,6.87e-05,2.49e-05,0.000100482,0.000100482,0.000100482,0.000100482,0.000100482,0.000100482,0.000100482,0.000130887,8.97e-05,5.89e-05,0.000100482,0.000100482,0.000100482,0.000100482,0.000100482,0.000100482,0.000100482,0.000100482,0.000100482,0.000100482,0.000100482,0.000100482,0.000100482,0.000100482,0.000100482,0.00256647,1.05e-05,1.89e-05,8,0.3,65.3944,127.373,107.648,0.0563843,16.2127,161.099,61.048,103.76,18.5903,569.888,0.014,1e-05,0.15,9999,0.899246
gen=74_member=691_de,3,0.0193985,0.000100482,0.000100482,0.000100482,0.000100482,0.000100482,0.000100482,0.000100482,0.000100482,0.000100482,0.000100482,0.000100482,0.000100482,0.000100482,0.000100482,0.000100482,0.000100482,0.000100482,0.000100482,0.000100482,0.000100482,0.000100482,0.000100482,0.000100482,0.000100482,0.000100482,0.000100482,0.000100482,0.000100482,0.000100482,0.000133445,0.000174125,0.000119126,0.000100482,0.000100482,0.000100482,0.000100482,0.000100482,0.000100482,0.000100482,0.000100482,0.000100482,0.000223177,0.000257884,0.000188135,0.000152827,0.000117487,0.000100482,0.000100482,0.000100482,0.000100482,0.000100482,0.000100482,0.000100482,0.000100482,0.000100482,0.000100482,0.000100482,0.000100482,0.000303643,0.000227284,0.000259587,0.00013923,0.000214134,0.000168426,9.9e-05,0.000100482,0.000100482,0.000100482,0.000100482,0.000100482,0.000100482,0.000100482,0.000100482,0.000100482,0.000100482,0.000100482,0.000199185,0.000421422,0.000230474,0.000174608,0.00033607,0.000174835,0.000100482,0.000100482,0.000100482,0.000100482,0.000100482,0.000100482,0.000100482,0.000100482,0.000100482,0.000100482,0.000100482,0.000277831,0.000205864,0.000269268,0.000283862,0.000174551,0.000132011,0.000122119,0.000125136,0.000100482,0.000100482,0.000100482,0.000100482,0.000100482,0.000100482,0.0002508,0.000355587,0.000186842,0.000147957,8.37e-05,8.68e-05,9.65e-05,9.87e-05,0.000100482,0.000100482,0.000100482,0.000100482,0.000269166,0.000185945,0.000139751,0.000100838,2.76e-05,2.27e-05,0.000100482,0.000100482,0.000100482,0.000100482,0.000100482,0.000100435,0.000166794,0.000196699,0.000109161,6.87e-05,2.49e-05,0.000100482,0.000100482,0.000100482,0.000100482,0.000100482,0.000100482,0.000100482,0.000130887,8.97e-05,5.89e-05,0.000100482,0.000100482,0.000100482,0.000100482,0.000100482,0.000100482,0.000100482,0.000100482,0.000100482,0.000100482,0.000100482,0.000100482,0.000100482,0.000100482,0.000100482,0.00256647,1.05e-05,1.89e-05,8,0.3,42.6495,56.4682,67.3417,10.261,24.4169,142.837,6.17768,33.8918,133.72,569.888,0.014,1e-05,0.15,9999,0.354667
gen=74_member=692_de,3,0.0193985,0.000100482,0.000100482,0.000100482,0.000100482,0.000100482,0.000100482,0.000100482,0.000100482,0.000100482,0.000100482,0.000100482,0.000100482,0.000100482,0.000100482,0.000100482,0.000100482,0.000100482,0.000100482,0.000100482,0.000100482,0.000100482,0.000100482,0.000100482,0.000100482,0.000100482,0.000100482,0.000100482,0.000100482,0.000100482,0.000133445,0.000174125,0.000119126,0.000100482,0.000100482,0.000100482,0.000100482,0.000100482,0.000100482,0.000100482,0.000100482,0.000100482,0.000223177,0.000257884,0.000188135,0.000152827,0.000117487,0.000100482,0.000100482,0.000100482,0.000100482,0.000100482,0.000100482,0.000100482,0.000100482,0.000100482,0.000100482,0.000100482,0.000100482,0.000303643,0.000227284,0.000259587,0.00013923,0.000214134,0.000168426,9.9e-05,0.000100482,0.000100482,0.000100482,0.000100482,0.000100482,0.000100482,0.000100482,0.000100482,0.000100482,0.000100482,0.000100482,0.000199185,0.000421422,0.000230474,0.000174608,0.00033607,0.000174835,0.000100482,0.000100482,0.000100482,0.000100482,0.000100482,0.000100482,0.000100482,0.000100482,0.000100482,0.000100482,0.000100482,0.000277831,0.000205864,0.000269268,0.000283862,0.000174551,0.000132011,0.000122119,0.000125136,0.000100482,0.000100482,0.000100482,0.000100482,0.000100482,0.000100482,0.0002508,0.000355587,0.000186842,0.000147957,8.37e-05,8.68e-05,9.65e-05,9.87e-05,0.000100482,0.000100482,0.000100482,0.000100482,0.000269166,0.000185945,0.000139751,0.000100838,2.76e-05,2.27e-05,0.000100482,0.000100482,0.000100482,0.000100482,0.000100482,0.000100435,0.000166794,0.000196699,0.000109161,6.87e-05,2.49e-05,0.000100482,0.000100482,0.000100482,0.000100482,0.000100482,0.000100482,0.000100482,0.000130887,8.97e-05,5.89e-05,0.000100482,0.000100482,0.000100482,0.000100482,0.000100482,0.000100482,0.000100482,0.000100482,0.000100482,0.000100482,0.000100482,0.000100482,0.000100482,0.000100482,0.000100482,0.00256647,1.05e-05,1.89e-05,8,0.3,100.037,49.6484,0.02808,16.5453,47.4083,0,46.7605,86.3245,124.867,569.888,0.014,1e-05,0.15,9999,0.99
gen=74_member=693_de,3,0.0193985,0.000100482,0.000100482,0.000100482,0.000100482,0.000100482,0.000100482,0.000100482,0.000100482,0.000100482,0.000100482,0.000100482,0.000100482,0.000100482,0.000100482,0.000100482,0.000100482,0.000100482,0.000100482,0.000100482,0.000100482,0.000100482,0.000100482,0.000100482,0.000100482,0.000100482,0.000100482,0.000100482,0.000100482,0.000100482,0.000133445,0.000174125,0.000119126,0.000100482,0.000100482,0.000100482,0.000100482,0.000100482,0.000100482,0.000100482,0.000100482,0.000100482,0.000223177,0.000257884,0.000188135,0.000152827,0.000117487,0.000100482,0.000100482,0.000100482,0.000100482,0.000100482,0.000100482,0.000100482,0.000100482,0.000100482,0.000100482,0.000100482,0.000100482,0.000303643,0.000227284,0.000259587,0.00013923,0.000214134,0.000168426,9.9e-05,0.000100482,0.000100482,0.000100482,0.000100482,0.000100482,0.000100482,0.000100482,0.000100482,0.000100482,0.000100482,0.000100482,0.000199185,0.000421422,0.000230474,0.000174608,0.00033607,0.000174835,0.000100482,0.000100482,0.000100482,0.000100482,0.000100482,0.000100482,0.000100482,0.000100482,0.000100482,0.000100482,0.000100482,0.000277831,0.000205864,0.000269268,0.000283862,0.000174551,0.000132011,0.000122119,0.000125136,0.000100482,0.000100482,0.000100482,0.000100482,0.000100482,0.000100482,0.0002508,0.000355587,0.000186842,0.000147957,8.37e-05,8.68e-05,9.65e-05,9.87e-05,0.000100482,0.000100482,0.000100482,0.000100482,0.000269166,0.000185945,0.000139751,0.000100838,2.76e-05,2.27e-05,0.000100482,0.000100482,0.000100482,0.000100482,0.000100482,0.000100435,0.000166794,0.000196699,0.000109161,6.87e-05,2.49e-05,0.000100482,0.000100482,0.000100482,0.000100482,0.000100482,0.000100482,0.000100482,0.000130887,8.97e-05,5.89e-05,0.000100482,0.000100482,0.000100482,0.000100482,0.000100482,0.000100482,0.000100482,0.000100482,0.000100482,0.000100482,0.000100482,0.000100482,0.000100482,0.000100482,0.000100482,0.00256647,1.05e-05,1.89e-05,8,0.3,100.928,69.2005,89.4815,22.5259,44.7466,81.8566,54.451,78.9618,112.716,569.888,0.014,1e-05,0.15,9999,0.164285
gen=74_member=694_de,3,0.0193985,0.000100482,0.000100482,0.000100482,0.000100482,0.000100482,0.000100482,0.000100482,0.000100482,0.000100482,0.000100482,0.000100482,0.000100482,0.000100482,0.000100482,0.000100482,0.000100482,0.000100482,0.000100482,0.000100482,0.000100482,0.000100482,0.000100482,0.000100482,0.000100482,0.000100482,0.000100482,0.000100482,0.000100482,0.000100482,0.000133445,0.000174125,0.000119126,0.000100482,0.000100482,0.000100482,0.000100482,0.000100482,0.000100482,0.000100482,0.000100482,0.000100482,0.000223177,0.000257884,0.000188135,0.000152827,0.000117487,0.000100482,0.000100482,0.000100482,0.000100482,0.000100482,0.000100482,0.000100482,0.000100482,0.000100482,0.000100482,0.000100482,0.000100482,0.000303643,0.000227284,0.000259587,0.00013923,0.000214134,0.000168426,9.9e-05,0.000100482,0.000100482,0.000100482,0.000100482,0.000100482,0.000100482,0.000100482,0.000100482,0.000100482,0.000100482,0.000100482,0.000199185,0.000421422,0.000230474,0.000174608,0.00033607,0.000174835,0.000100482,0.000100482,0.000100482,0.000100482,0.000100482,0.000100482,0.000100482,0.000100482,0.000100482,0.000100482,0.000100482,0.000277831,0.000205864,0.000269268,0.000283862,0.000174551,0.000132011,0.000122119,0.000125136,0.000100482,0.000100482,0.000100482,0.000100482,0.000100482,0.000100482,0.0002508,0.000355587,0.000186842,0.000147957,8.37e-05,8.68e-05,9.65e-05,9.87e-05,0.000100482,0.000100482,0.000100482,0.000100482,0.000269166,0.000185945,0.000139751,0.000100838,2.76e-05,2.27e-05,0.000100482,0.000100482,0.000100482,0.000100482,0.000100482,0.000100435,0.000166794,0.000196699,0.000109161,6.87e-05,2.49e-05,0.000100482,0.000100482,0.000100482,0.000100482,0.000100482,0.000100482,0.000100482,0.000130887,8.97e-05,5.89e-05,0.000100482,0.000100482,0.000100482,0.000100482,0.000100482,0.000100482,0.000100482,0.000100482,0.000100482,0.000100482,0.000100482,0.000100482,0.000100482,0.000100482,0.000100482,0.00256647,1.05e-05,1.89e-05,8,0.3,6.24112,82.965,54.6971,26.3291,17.0438,79.052,48.0453,74.4599,116.484,569.888,0.014,1e-05,0.15,9999,0.01
gen=74_member=695_de,3,0.0193985,0.000100482,0.000100482,0.000100482,0.000100482,0.000100482,0.000100482,0.000100482,0.000100482,0.000100482,0.000100482,0.000100482,0.000100482,0.000100482,0.000100482,0.000100482,0.000100482,0.000100482,0.000100482,0.000100482,0.000100482,0.000100482,0.000100482,0.000100482,0.000100482,0.000100482,0.000100482,0.000100482,0.000100482,0.000100482,0.000133445,0.000174125,0.000119126,0.000100482,0.000100482,0.000100482,0.000100482,0.000100482,0.000100482,0.000100482,0.000100482,0.000100482,0.000223177,0.000257884,0.000188135,0.000152827,0.000117487,0.000100482,0.000100482,0.000100482,0.000100482,0.000100482,0.000100482,0.000100482,0.000100482,0.000100482,0.000100482,0.000100482,0.000100482,0.000303643,0.000227284,0.000259587,0.00013923,0.000214134,0.000168426,9.9e-05,0.000100482,0.000100482,0.000100482,0.000100482,0.000100482,0.000100482,0.000100482,0.000100482,0.000100482,0.000100482,0.000100482,0.000199185,0.000421422,0.000230474,0.000174608,0.00033607,0.000174835,0.000100482,0.000100482,0.000100482,0.000100482,0.000100482,0.000100482,0.000100482,0.000100482,0.000100482,0.000100482,0.000100482,0.000277831,0.000205864,0.000269268,0.000283862,0.000174551,0.000132011,0.000122119,0.000125136,0.000100482,0.000100482,0.000100482,0.000100482,0.000100482,0.000100482,0.0002508,0.000355587,0.000186842,0.000147957,8.37e-05,8.68e-05,9.65e-05,9.87e-05,0.000100482,0.000100482,0.000100482,0.000100482,0.000269166,0.000185945,0.000139751,0.000100838,2.76e-05,2.27e-05,0.000100482,0.000100482,0.000100482,0.000100482,0.000100482,0.000100435,0.000166794,0.000196699,0.000109161,6.87e-05,2.49e-05,0.000100482,0.000100482,0.000100482,0.000100482,0.000100482,0.000100482,0.000100482,0.000130887,8.97e-05,5.89e-05,0.000100482,0.000100482,0.000100482,0.000100482,0.000100482,0.000100482,0.000100482,0.000100482,0.000100482,0.000100482,0.000100482,0.000100482,0.000100482,0.000100482,0.000100482,0.00256647,1.05e-05,1.89e-05,8,0.3,45.5574,63.8213,38.976,17.3362,15.312,41.8302,14.3925,34.7763,58.6869,569.888,0.014,1e-05,0.15,9999,0.514341
gen=74_member=696_de,3,0.0193985,0.000100482,0.000100482,0.000100482,0.000100482,0.000100482,0.000100482,0.000100482,0.000100482,0.000100482,0.000100482,0.000100482,0.000100482,0.000100482,0.000100482,0.000100482,0.000100482,0.000100482,0.000100482,0.000100482,0.000100482,0.000100482,0.000100482,0.000100482,0.000100482,0.000100482,0.000100482,0.000100482,0.000100482,0.000100482,0.000133445,0.000174125,0.000119126,0.000100482,0.000100482,0.000100482,0.000100482,0.000100482,0.000100482,0.000100482,0.000100482,0.000100482,0.000223177,0.000257884,0.000188135,0.000152827,0.000117487,0.000100482,0.000100482,0.000100482,0.000100482,0.000100482,0.000100482,0.000100482,0.000100482,0.000100482,0.000100482,0.000100482,0.000100482,0.000303643,0.000227284,0.000259587,0.00013923,0.000214134,0.000168426,9.9e-05,0.000100482,0.000100482,0.000100482,0.000100482,0.000100482,0.000100482,0.000100482,0.000100482,0.000100482,0.000100482,0.000100482,0.000199185,0.000421422,0.000230474,0.000174608,0.00033607,0.000174835,0.000100482,0.000100482,0.000100482,0.000100482,0.000100482,0.000100482,0.000100482,0.000100482,0.000100482,0.000100482,0.000100482,0.000277831,0.000205864,0.000269268,0.000283862,0.000174551,0.000132011,0.000122119,0.000125136,0.000100482,0.000100482,0.000100482,0.000100482,0.000100482,0.000100482,0.0002508,0.000355587,0.000186842,0.000147957,8.37e-05,8.68e-05,9.65e-05,9.87e-05,0.000100482,0.000100482,0.000100482,0.000100482,0.000269166,0.000185945,0.000139751,0.000100838,2.76e-05,2.27e-05,0.000100482,0.000100482,0.000100482,0.000100482,0.000100482,0.000100435,0.000166794,0.000196699,0.000109161,6.87e-05,2.49e-05,0.000100482,0.000100482,0.000100482,0.000100482,0.000100482,0.000100482,0.000100482,0.000130887,8.97e-05,5.89e-05,0.000100482,0.000100482,0.000100482,0.000100482,0.000100482,0.000100482,0.000100482,0.000100482,0.000100482,0.000100482,0.000100482,0.000100482,0.000100482,0.000100482,0.000100482,0.00256647,1.05e-05,1.89e-05,8,0.3,37.4666,49.6484,30.4704,4.81093,24.8713,0,7.59181,11.3512,4.82098,569.888,0.014,1e-05,0.15,9999,0.99
gen=74_member=697_de,3,0.0193985,0.000100482,0.000100482,0.000100482,0.000100482,0.000100482,0.000100482,0.000100482,0.000100482,0.000100482,0.000100482,0.000100482,0.000100482,0.000100482,0.000100482,0.000100482,0.000100482,0.000100482,0.000100482,0.000100482,0.000100482,0.000100482,0.000100482,0.000100482,0.000100482,0.000100482,0.000100482,0.000100482,0.000100482,0.000100482,0.000133445,0.000174125,0.000119126,0.000100482,0.000100482,0.000100482,0.000100482,0.000100482,0.000100482,0.000100482,0.000100482,0.000100482,0.000223177,0.000257884,0.000188135,0.000152827,0.000117487,0.000100482,0.000100482,0.000100482,0.000100482,0.000100482,0.000100482,0.000100482,0.000100482,0.000100482,0.000100482,0.000100482,0.000100482,0.000303643,0.000227284,0.000259587,0.00013923,0.000214134,0.000168426,9.9e-05,0.000100482,0.000100482,0.000100482,0.000100482,0.000100482,0.000100482,0.000100482,0.000100482,0.000100482,0.000100482,0.000100482,0.000199185,0.000421422,0.000230474,0.000174608,0.00033607,0.000174835,0.000100482,0.000100482,0.000100482,0.000100482,0.000100482,0.000100482,0.000100482,0.000100482,0.000100482,0.000100482,0.000100482,0.000277831,0.000205864,0.000269268,0.000283862,0.000174551,0.000132011,0.000122119,0.000125136,0.000100482,0.000100482,0.000100482,0.000100482,0.000100482,0.000100482,0.0002508,0.000355587,0.000186842,0.000147957,8.37e-05,8.68e-05,9.65e-05,9.87e-05,0.000100482,0.000100482,0.000100482,0.000100482,0.000269166,0.000185945,0.000139751,0.000100838,2.76e-05,2.27e-05,0.000100482,0.000100482,0.000100482,0.000100482,0.000100482,0.000100435,0.000166794,0.000196699,0.000109161,6.87e-05,2.49e-05,0.000100482,0.000100482,0.000100482,0.000100482,0.000100482,0.000100482,0.000100482,0.000130887,8.97e-05,5.89e-05,0.000100482,0.000100482,0.000100482,0.000100482,0.000100482,0.000100482,0.000100482,0.000100482,0.000100482,0.000100482,0.000100482,0.000100482,0.000100482,0.000100482,0.000100482,0.00256647,1.05e-05,1.89e-05,8,0.3,69.1677,62.259,120.788,20.6191,29.4405,50.1793,64.117,111.96,46.4395,569.888,0.014,1e-05,0.15,9999,0.383804
gen=74_member=698_de,3,0.0193985,0.000100482,0.000100482,0.000100482,0.000100482,0.000100482,0.000100482,0.000100482,0.000100482,0.000100482,0.000100482,0.000100482,0.000100482,0.000100482,0.000100482,0.000100482,0.000100482,0.000100482,0.000100482,0.000100482,0.000100482,0.000100482,0.000100482,0.000100482,0.000100482,0.000100482,0.000100482,0.000100482,0.000100482,0.000100482,0.000133445,0.000174125,0.000119126,0.000100482,0.000100482,0.000100482,0.000100482,0.000100482,0.000100482,0.000100482,0.000100482,0.000100482,0.000223177,0.000257884,0.000188135,0.000152827,0.000117487,0.000100482,0.000100482,0.000100482,0.000100482,0.000100482,0.000100482,0.000100482,0.000100482,0.000100482,0.000100482,0.000100482,0.000100482,0.000303643,0.000227284,0.000259587,0.00013923,0.000214134,0.000168426,9.9e-05,0.000100482,0.000100482,0.000100482,0.000100482,0.000100482,0.000100482,0.000100482,0.000100482,0.000100482,0.000100482,0.000100482,0.000199185,0.000421422,0.000230474,0.000174608,0.00033607,0.000174835,0.000100482,0.000100482,0.000100482,0.000100482,0.000100482,0.000100482,0.000100482,0.000100482,0.000100482,0.000100482,0.000100482,0.000277831,0.000205864,0.000269268,0.000283862,0.000174551,0.000132011,0.000122119,0.000125136,0.000100482,0.000100482,0.000100482,0.000100482,0.000100482,0.000100482,0.0002508,0.000355587,0.000186842,0.000147957,8.37e-05,8.68e-05,9.65e-05,9.87e-05,0.000100482,0.000100482,0.000100482,0.000100482,0.000269166,0.000185945,0.000139751,0.000100838,2.76e-05,2.27e-05,0.000100482,0.000100482,0.000100482,0.000100482,0.000100482,0.000100435,0.000166794,0.000196699,0.000109161,6.87e-05,2.49e-05,0.000100482,0.000100482,0.000100482,0.000100482,0.000100482,0.000100482,0.000100482,0.000130887,8.97e-05,5.89e-05,0.000100482,0.000100482,0.000100482,0.000100482,0.000100482,0.000100482,0.000100482,0.000100482,0.000100482,0.000100482,0.000100482,0.000100482,0.000100482,0.000100482,0.000100482,0.00256647,1.05e-05,1.89e-05,8,0.3,95.1028,44.9124,105.666,6.81381,40.9298,151.109,46.1052,91.3563,34.2749,569.888,0.014,1e-05,0.15,9999,0.01
gen=74_member=699_de,3,0.0193985,0.000100482,0.000100482,0.000100482,0.000100482,0.000100482,0.000100482,0.000100482,0.000100482,0.000100482,0.000100482,0.000100482,0.000100482,0.000100482,0.000100482,0.000100482,0.000100482,0.000100482,0.000100482,0.000100482,0.000100482,0.000100482,0.000100482,0.000100482,0.000100482,0.000100482,0.000100482,0.000100482,0.000100482,0.000100482,0.000133445,0.000174125,0.000119126,0.000100482,0.000100482,0.000100482,0.000100482,0.000100482,0.000100482,0.000100482,0.000100482,0.000100482,0.000223177,0.000257884,0.000188135,0.000152827,0.000117487,0.000100482,0.000100482,0.000100482,0.000100482,0.000100482,0.000100482,0.000100482,0.000100482,0.000100482,0.000100482,0.000100482,0.000100482,0.000303643,0.000227284,0.000259587,0.00013923,0.000214134,0.000168426,9.9e-05,0.000100482,0.000100482,0.000100482,0.000100482,0.000100482,0.000100482,0.000100482,0.000100482,0.000100482,0.000100482,0.000100482,0.000199185,0.000421422,0.000230474,0.000174608,0.00033607,0.000174835,0.000100482,0.000100482,0.000100482,0.000100482,0.000100482,0.000100482,0.000100482,0.000100482,0.000100482,0.000100482,0.000100482,0.000277831,0.000205864,0.000269268,0.000283862,0.000174551,0.000132011,0.000122119,0.000125136,0.000100482,0.000100482,0.000100482,0.000100482,0.000100482,0.000100482,0.0002508,0.000355587,0.000186842,0.000147957,8.37e-05,8.68e-05,9.65e-05,9.87e-05,0.000100482,0.000100482,0.000100482,0.000100482,0.000269166,0.000185945,0.000139751,0.000100838,2.76e-05,2.27e-05,0.000100482,0.000100482,0.000100482,0.000100482,0.000100482,0.000100435,0.000166794,0.000196699,0.000109161,6.87e-05,2.49e-05,0.000100482,0.000100482,0.000100482,0.000100482,0.000100482,0.000100482,0.000100482,0.000130887,8.97e-05,5.89e-05,0.000100482,0.000100482,0.000100482,0.000100482,0.000100482,0.000100482,0.000100482,0.000100482,0.000100482,0.000100482,0.000100482,0.000100482,0.000100482,0.000100482,0.000100482,0.00256647,1.05e-05,1.89e-05,8,0.3,53.4073,130.192,142.069,19.9075,13.3629,98.3914,13.5513,105.181,160.411,569.888,0.014,1e-05,0.15,9999,0.01
gen=74_member=700_de,3,0.0193985,0.000100482,0.000100482,0.000100482,0.000100482,0.000100482,0.000100482,0.000100482,0.000100482,0.000100482,0.000100482,0.000100482,0.000100482,0.000100482,0.000100482,0.000100482,0.000100482,0.000100482,0.000100482,0.000100482,0.000100482,0.000100482,0.000100482,0.000100482,0.000100482,0.000100482,0.000100482,0.000100482,0.000100482,0.000100482,0.000133445,0.000174125,0.000119126,0.000100482,0.000100482,0.000100482,0.000100482,0.000100482,0.000100482,0.000100482,0.000100482,0.000100482,0.000223177,0.000257884,0.000188135,0.000152827,0.000117487,0.000100482,0.000100482,0.000100482,0.000100482,0.000100482,0.000100482,0.000100482,0.000100482,0.000100482,0.000100482,0.000100482,0.000100482,0.000303643,0.000227284,0.000259587,0.00013923,0.000214134,0.000168426,9.9e-05,0.000100482,0.000100482,0.000100482,0.000100482,0.000100482,0.000100482,0.000100482,0.000100482,0.000100482,0.000100482,0.000100482,0.000199185,0.000421422,0.000230474,0.000174608,0.00033607,0.000174835,0.000100482,0.000100482,0.000100482,0.000100482,0.000100482,0.000100482,0.000100482,0.000100482,0.000100482,0.000100482,0.000100482,0.000277831,0.000205864,0.000269268,0.000283862,0.000174551,0.000132011,0.000122119,0.000125136,0.000100482,0.000100482,0.000100482,0.000100482,0.000100482,0.000100482,0.0002508,0.000355587,0.000186842,0.000147957,8.37e-05,8.68e-05,9.65e-05,9.87e-05,0.000100482,0.000100482,0.000100482,0.000100482,0.000269166,0.000185945,0.000139751,0.000100838,2.76e-05,2.27e-05,0.000100482,0.000100482,0.000100482,0.000100482,0.000100482,0.000100435,0.000166794,0.000196699,0.000109161,6.87e-05,2.49e-05,0.000100482,0.000100482,0.000100482,0.000100482,0.000100482,0.000100482,0.000100482,0.000130887,8.97e-05,5.89e-05,0.000100482,0.000100482,0.000100482,0.000100482,0.000100482,0.000100482,0.000100482,0.000100482,0.000100482,0.000100482,0.000100482,0.000100482,0.000100482,0.000100482,0.000100482,0.00256647,1.05e-05,1.89e-05,8,0.3,0,52.4049,55.0506,21.2754,5.08557,74.0117,35.6941,50.6137,54.328,569.888,0.014,1e-05,0.15,9999,0.44169
gen=74_member=701_de,3,0.0193985,0.000100482,0.000100482,0.000100482,0.000100482,0.000100482,0.000100482,0.000100482,0.000100482,0.000100482,0.000100482,0.000100482,0.000100482,0.000100482,0.000100482,0.000100482,0.000100482,0.000100482,0.000100482,0.000100482,0.000100482,0.000100482,0.000100482,0.000100482,0.000100482,0.000100482,0.000100482,0.000100482,0.000100482,0.000100482,0.000133445,0.000174125,0.000119126,0.000100482,0.000100482,0.000100482,0.000100482,0.000100482,0.000100482,0.000100482,0.000100482,0.000100482,0.000223177,0.000257884,0.000188135,0.000152827,0.000117487,0.000100482,0.000100482,0.000100482,0.000100482,0.000100482,0.000100482,0.000100482,0.000100482,0.000100482,0.000100482,0.000100482,0.000100482,0.000303643,0.000227284,0.000259587,0.00013923,0.000214134,0.000168426,9.9e-05,0.000100482,0.000100482,0.000100482,0.000100482,0.000100482,0.000100482,0.000100482,0.000100482,0.000100482,0.000100482,0.000100482,0.000199185,0.000421422,0.000230474,0.000174608,0.00033607,0.000174835,0.000100482,0.000100482,0.000100482,0.000100482,0.000100482,0.000100482,0.000100482,0.000100482,0.000100482,0.000100482,0.000100482,0.000277831,0.000205864,0.000269268,0.000283862,0.000174551,0.000132011,0.000122119,0.000125136,0.000100482,0.000100482,0.000100482,0.000100482,0.000100482,0.000100482,0.0002508,0.000355587,0.000186842,0.000147957,8.37e-05,8.68e-05,9.65e-05,9.87e-05,0.000100482,0.000100482,0.000100482,0.000100482,0.000269166,0.000185945,0.000139751,0.000100838,2.76e-05,2.27e-05,0.000100482,0.000100482,0.000100482,0.000100482,0.000100482,0.000100435,0.000166794,0.000196699,0.000109161,6.87e-05,2.49e-05,0.000100482,0.000100482,0.000100482,0.000100482,0.000100482,0.000100482,0.000100482,0.000130887,8.97e-05,5.89e-05,0.000100482,0.000100482,0.000100482,0.000100482,0.000100482,0.000100482,0.000100482,0.000100482,0.000100482,0.000100482,0.000100482,0.000100482,0.000100482,0.000100482,0.000100482,0.00256647,1.05e-05,1.89e-05,8,0.3,92.5908,114.526,122.645,9.14767,38.7781,166.979,9.61317,20.9068,152.77,569.888,0.014,1e-05,0.15,9999,0.01
gen=74_member=702_de,3,0.0193985,0.000100482,0.000100482,0.000100482,0.000100482,0.000100482,0.000100482,0.000100482,0.000100482,0.000100482,0.000100482,0.000100482,0.000100482,0.000100482,0.000100482,0.000100482,0.000100482,0.000100482,0.000100482,0.000100482,0.000100482,0.000100482,0.000100482,0.000100482,0.000100482,0.000100482,0.000100482,0.000100482,0.000100482,0.000100482,0.000133445,0.000174125,0.000119126,0.000100482,0.000100482,0.000100482,0.000100482,0.000100482,0.000100482,0.000100482,0.000100482,0.000100482,0.000223177,0.000257884,0.000188135,0.000152827,0.000117487,0.000100482,0.000100482,0.000100482,0.000100482,0.000100482,0.000100482,0.000100482,0.000100482,0.000100482,0.000100482,0.000100482,0.000100482,0.000303643,0.000227284,0.000259587,0.00013923,0.000214134,0.000168426,9.9e-05,0.000100482,0.000100482,0.000100482,0.000100482,0.000100482,0.000100482,0.000100482,0.000100482,0.000100482,0.000100482,0.000100482,0.000199185,0.000421422,0.000230474,0.000174608,0.00033607,0.000174835,0.000100482,0.000100482,0.000100482,0.000100482,0.000100482,0.000100482,0.000100482,0.000100482,0.000100482,0.000100482,0.000100482,0.000277831,0.000205864,0.000269268,0.000283862,0.000174551,0.000132011,0.000122119,0.000125136,0.000100482,0.000100482,0.000100482,0.000100482,0.000100482,0.000100482,0.0002508,0.000355587,0.000186842,0.000147957,8.37e-05,8.68e-05,9.65e-05,9.87e-05,0.000100482,0.000100482,0.000100482,0.000100482,0.000269166,0.000185945,0.000139751,0.000100838,2.76e-05,2.27e-05,0.000100482,0.000100482,0.000100482,0.000100482,0.000100482,0.000100435,0.000166794,0.000196699,0.000109161,6.87e-05,2.49e-05,0.000100482,0.000100482,0.000100482,0.000100482,0.000100482,0.000100482,0.000100482,0.000130887,8.97e-05,5.89e-05,0.000100482,0.000100482,0.000100482,0.000100482,0.000100482,0.000100482,0.000100482,0.000100482,0.000100482,0.000100482,0.000100482,0.000100482,0.000100482,0.000100482,0.000100482,0.00256647,1.05e-05,1.89e-05,8,0.3,47.7758,55.9995,41.5217,15.0062,7.1476,51.1838,0,30.368,36.0459,569.888,0.014,1e-05,0.15,9999,0.694306
gen=74_member=703_de,3,0.0193985,0.000100482,0.000100482,0.000100482,0.000100482,0.000100482,0.000100482,0.000100482,0.000100482,0.000100482,0.000100482,0.000100482,0.000100482,0.000100482,0.000100482,0.000100482,0.000100482,0.000100482,0.000100482,0.000100482,0.000100482,0.000100482,0.000100482,0.000100482,0.000100482,0.000100482,0.000100482,0.000100482,0.000100482,0.000100482,0.000133445,0.000174125,0.000119126,0.000100482,0.000100482,0.000100482,0.000100482,0.000100482,0.000100482,0.000100482,0.000100482,0.000100482,0.000223177,0.000257884,0.000188135,0.000152827,0.000117487,0.000100482,0.000100482,0.000100482,0.000100482,0.000100482,0.000100482,0.000100482,0.000100482,0.000100482,0.000100482,0.000100482,0.000100482,0.000303643,0.000227284,0.000259587,0.00013923,0.000214134,0.000168426,9.9e-05,0.000100482,0.000100482,0.000100482,0.000100482,0.000100482,0.000100482,0.000100482,0.000100482,0.000100482,0.000100482,0.000100482,0.000199185,0.000421422,0.000230474,0.000174608,0.00033607,0.000174835,0.000100482,0.000100482,0.000100482,0.000100482,0.000100482,0.000100482,0.000100482,0.000100482,0.000100482,0.000100482,0.000100482,0.000277831,0.000205864,0.000269268,0.000283862,0.000174551,0.000132011,0.000122119,0.000125136,0.000100482,0.000100482,0.000100482,0.000100482,0.000100482,0.000100482,0.0002508,0.000355587,0.000186842,0.000147957,8.37e-05,8.68e-05,9.65e-05,9.87e-05,0.000100482,0.000100482,0.000100482,0.000100482,0.000269166,0.000185945,0.000139751,0.000100838,2.76e-05,2.27e-05,0.000100482,0.000100482,0.000100482,0.000100482,0.000100482,0.000100435,0.000166794,0.000196699,0.000109161,6.87e-05,2.49e-05,0.000100482,0.000100482,0.000100482,0.000100482,0.000100482,0.000100482,0.000100482,0.000130887,8.97e-05,5.89e-05,0.000100482,0.000100482,0.000100482,0.000100482,0.000100482,0.000100482,0.000100482,0.000100482,0.000100482,0.000100482,0.000100482,0.000100482,0.000100482,0.000100482,0.000100482,0.00256647,1.05e-05,1.89e-05,8,0.3,91.2733,75.2976,43.7483,19.6042,45.3624,106.687,32.0495,29.9297,34.9027,569.888,0.014,1e-05,0.15,9999,0.01
gen=74_member=704_de,3,0.0193985,0.000100482,0.000100482,0.000100482,0.000100482,0.000100482,0.000100482,0.000100482,0.000100482,0.000100482,0.000100482,0.000100482,0.000100482,0.000100482,0.000100482,0.000100482,0.000100482,0.000100482,0.000100482,0.000100482,0.000100482,0.000100482,0.000100482,0.000100482,0.000100482,0.000100482,0.000100482,0.000100482,0.000100482,0.000100482,0.000133445,0.000174125,0.000119126,0.000100482,0.000100482,0.000100482,0.000100482,0.000100482,0.000100482,0.000100482,0.000100482,0.000100482,0.000223177,0.000257884,0.000188135,0.000152827,0.000117487,0.000100482,0.000100482,0.000100482,0.000100482,0.000100482,0.000100482,0.000100482,0.000100482,0.000100482,0.000100482,0.000100482,0.000100482,0.000303643,0.000227284,0.000259587,0.00013923,0.000214134,0.000168426,9.9e-05,0.000100482,0.000100482,0.000100482,0.000100482,0.000100482,0.000100482,0.000100482,0.000100482,0.000100482,0.000100482,0.000100482,0.000199185,0.000421422,0.000230474,0.000174608,0.00033607,0.000174835,0.000100482,0.000100482,0.000100482,0.000100482,0.000100482,0.000100482,0.000100482,0.000100482,0.000100482,0.000100482,0.000100482,0.000277831,0.000205864,0.000269268,0.000283862,0.000174551,0.000132011,0.000122119,0.000125136,0.000100482,0.000100482,0.000100482,0.000100482,0.000100482,0.000100482,0.0002508,0.000355587,0.000186842,0.000147957,8.37e-05,8.68e-05,9.65e-05,9.87e-05,0.000100482,0.000100482,0.000100482,0.000100482,0.000269166,0.000185945,0.000139751,0.000100838,2.76e-05,2.27e-05,0.000100482,0.000100482,0.000100482,0.000100482,0.000100482,0.000100435,0.000166794,0.000196699,0.000109161,6.87e-05,2.49e-05,0.000100482,0.000100482,0.000100482,0.000100482,0.000100482,0.000100482,0.000100482,0.000130887,8.97e-05,5.89e-05,0.000100482,0.000100482,0.000100482,0.000100482,0.000100482,0.000100482,0.000100482,0.000100482,0.000100482,0.000100482,0.000100482,0.000100482,0.000100482,0.000100482,0.000100482,0.00256647,1.05e-05,1.89e-05,8,0.3,63.191,57.4334,48.5546,8.5831,25.0978,21.0064,16.5404,25.3831,49.153,569.888,0.014,1e-05,0.15,9999,0.42794
gen=74_member=705_de,3,0.0193985,0.000100482,0.000100482,0.000100482,0.000100482,0.000100482,0.000100482,0.000100482,0.000100482,0.000100482,0.000100482,0.000100482,0.000100482,0.000100482,0.000100482,0.000100482,0.000100482,0.000100482,0.000100482,0.000100482,0.000100482,0.000100482,0.000100482,0.000100482,0.000100482,0.000100482,0.000100482,0.000100482,0.000100482,0.000100482,0.000133445,0.000174125,0.000119126,0.000100482,0.000100482,0.000100482,0.000100482,0.000100482,0.000100482,0.000100482,0.000100482,0.000100482,0.000223177,0.000257884,0.000188135,0.000152827,0.000117487,0.000100482,0.000100482,0.000100482,0.000100482,0.000100482,0.000100482,0.000100482,0.000100482,0.000100482,0.000100482,0.000100482,0.000100482,0.000303643,0.000227284,0.000259587,0.00013923,0.000214134,0.000168426,9.9e-05,0.000100482,0.000100482,0.000100482,0.000100482,0.000100482,0.000100482,0.000100482,0.000100482,0.000100482,0.000100482,0.000100482,0.000199185,0.000421422,0.000230474,0.000174608,0.00033607,0.000174835,0.000100482,0.000100482,0.000100482,0.000100482,0.000100482,0.000100482,0.000100482,0.000100482,0.000100482,0.000100482,0.000100482,0.000277831,0.000205864,0.000269268,0.000283862,0.000174551,0.000132011,0.000122119,0.000125136,0.000100482,0.000100482,0.000100482,0.000100482,0.000100482,0.000100482,0.0002508,0.000355587,0.000186842,0.000147957,8.37e-05,8.68e-05,9.65e-05,9.87e-05,0.000100482,0.000100482,0.000100482,0.000100482,0.000269166,0.000185945,0.000139751,0.000100838,2.76e-05,2.27e-05,0.000100482,0.000100482,0.000100482,0.000100482,0.000100482,0.000100435,0.000166794,0.000196699,0.000109161,6.87e-05,2.49e-05,0.000100482,0.000100482,0.000100482,0.000100482,0.000100482,0.000100482,0.000100482,0.000130887,8.97e-05,5.89e-05,0.000100482,0.000100482,0.000100482,0.000100482,0.000100482,0.000100482,0.000100482,0.000100482,0.000100482,0.000100482,0.000100482,0.000100482,0.000100482,0.000100482,0.000100482,0.00256647,1.05e-05,1.89e-05,8,0.3,69.8541,53.5998,54.6971,28.1095,35.8866,103.696,9.93641,87.0484,47.2278,569.888,0.014,1e-05,0.15,9999,0.286408
gen=74_member=706_de,3,0.0193985,0.000100482,0.000100482,0.000100482,0.000100482,0.000100482,0.000100482,0.000100482,0.000100482,0.000100482,0.000100482,0.000100482,0.000100482,0.000100482,0.000100482,0.000100482,0.000100482,0.000100482,0.000100482,0.000100482,0.000100482,0.000100482,0.000100482,0.000100482,0.000100482,0.000100482,0.000100482,0.000100482,0.000100482,0.000100482,0.000133445,0.000174125,0.000119126,0.000100482,0.000100482,0.000100482,0.000100482,0.000100482,0.000100482,0.000100482,0.000100482,0.000100482,0.000223177,0.000257884,0.000188135,0.000152827,0.000117487,0.000100482,0.000100482,0.000100482,0.000100482,0.000100482,0.000100482,0.000100482,0.000100482,0.000100482,0.000100482,0.000100482,0.000100482,0.000303643,0.000227284,0.000259587,0.00013923,0.000214134,0.000168426,9.9e-05,0.000100482,0.000100482,0.000100482,0.000100482,0.000100482,0.000100482,0.000100482,0.000100482,0.000100482,0.000100482,0.000100482,0.000199185,0.000421422,0.000230474,0.000174608,0.00033607,0.000174835,0.000100482,0.000100482,0.000100482,0.000100482,0.000100482,0.000100482,0.000100482,0.000100482,0.000100482,0.000100482,0.000100482,0.000277831,0.000205864,0.000269268,0.000283862,0.000174551,0.000132011,0.000122119,0.000125136,0.000100482,0.000100482,0.000100482,0.000100482,0.000100482,0.000100482,0.0002508,0.000355587,0.000186842,0.000147957,8.37e-05,8.68e-05,9.65e-05,9.87e-05,0.000100482,0.000100482,0.000100482,0.000100482,0.000269166,0.000185945,0.000139751,0.000100838,2.76e-05,2.27e-05,0.000100482,0.000100482,0.000100482,0.000100482,0.000100482,0.000100435,0.000166794,0.000196699,0.000109161,6.87e-05,2.49e-05,0.000100482,0.000100482,0.000100482,0.000100482,0.000100482,0.000100482,0.000100482,0.000130887,8.97e-05,5.89e-05,0.000100482,0.000100482,0.000100482,0.000100482,0.000100482,0.000100482,0.000100482,0.000100482,0.000100482,0.000100482,0.000100482,0.000100482,0.000100482,0.000100482,0.000100482,0.00256647,1.05e-05,1.89e-05,8,0.3,14.7302,66.284,43.5038,19.3717,18.6439,59.3036,18.0445,38.0606,60.1202,569.888,0.014,1e-05,0.15,9999,0.428382
gen=74_member=707_de,3,0.0193985,0.000100482,0.000100482,0.000100482,0.000100482,0.000100482,0.000100482,0.000100482,0.000100482,0.000100482,0.000100482,0.000100482,0.000100482,0.000100482,0.000100482,0.000100482,0.000100482,0.000100482,0.000100482,0.000100482,0.000100482,0.000100482,0.000100482,0.000100482,0.000100482,0.000100482,0.000100482,0.000100482,0.000100482,0.000100482,0.000133445,0.000174125,0.000119126,0.000100482,0.000100482,0.000100482,0.000100482,0.000100482,0.000100482,0.000100482,0.000100482,0.000100482,0.000223177,0.000257884,0.000188135,0.000152827,0.000117487,0.000100482,0.000100482,0.000100482,0.000100482,0.000100482,0.000100482,0.000100482,0.000100482,0.000100482,0.000100482,0.000100482,0.000100482,0.000303643,0.000227284,0.000259587,0.00013923,0.000214134,0.000168426,9.9e-05,0.000100482,0.000100482,0.000100482,0.000100482,0.000100482,0.000100482,0.000100482,0.000100482,0.000100482,0.000100482,0.000100482,0.000199185,0.000421422,0.000230474,0.000174608,0.00033607,0.000174835,0.000100482,0.000100482,0.000100482,0.000100482,0.000100482,0.000100482,0.000100482,0.000100482,0.000100482,0.000100482,0.000100482,0.000277831,0.000205864,0.000269268,0.000283862,0.000174551,0.000132011,0.000122119,0.000125136,0.000100482,0.000100482,0.000100482,0.000100482,0.000100482,0.000100482,0.0002508,0.000355587,0.000186842,0.000147957,8.37e-05,8.68e-05,9.65e-05,9.87e-05,0.000100482,0.000100482,0.000100482,0.000100482,0.000269166,0.000185945,0.000139751,0.000100838,2.76e-05,2.27e-05,0.000100482,0.000100482,0.000100482,0.000100482,0.000100482,0.000100435,0.000166794,0.000196699,0.000109161,6.87e-05,2.49e-05,0.000100482,0.000100482,0.000100482,0.000100482,0.000100482,0.000100482,0.000100482,0.000130887,8.97e-05,5.89e-05,0.000100482,0.000100482,0.000100482,0.000100482,0.000100482,0.000100482,0.000100482,0.000100482,0.000100482,0.000100482,0.000100482,0.000100482,0.000100482,0.000100482,0.000100482,0.00256647,1.05e-05,1.89e-05,8,0.3,101.968,70.6429,34.604,5.90289,20.8129,45.1867,7.94125,22.0709,40.5035,569.888,0.014,1e-05,0.15,9999,0.61269
gen=74_member=708_de,3,0.0193985,0.000100482,0.000100482,0.000100482,0.000100482,0.000100482,0.000100482,0.000100482,0.000100482,0.000100482,0.000100482,0.000100482,0.000100482,0.000100482,0.000100482,0.000100482,0.000100482,0.000100482,0.000100482,0.000100482,0.000100482,0.000100482,0.000100482,0.000100482,0.000100482,0.000100482,0.000100482,0.000100482,0.000100482,0.000100482,0.000133445,0.000174125,0.000119126,0.000100482,0.000100482,0.000100482,0.000100482,0.000100482,0.000100482,0.000100482,0.000100482,0.000100482,0.000223177,0.000257884,0.000188135,0.000152827,0.000117487,0.000100482,0.000100482,0.000100482,0.000100482,0.000100482,0.000100482,0.000100482,0.000100482,0.000100482,0.000100482,0.000100482,0.000100482,0.000303643,0.000227284,0.000259587,0.00013923,0.000214134,0.000168426,9.9e-05,0.000100482,0.000100482,0.000100482,0.000100482,0.000100482,0.000100482,0.000100482,0.000100482,0.000100482,0.000100482,0.000100482,0.000199185,0.000421422,0.000230474,0.000174608,0.00033607,0.000174835,0.000100482,0.000100482,0.000100482,0.000100482,0.000100482,0.000100482,0.000100482,0.000100482,0.000100482,0.000100482,0.000100482,0.000277831,0.000205864,0.000269268,0.000283862,0.000174551,0.000132011,0.000122119,0.000125136,0.000100482,0.000100482,0.000100482,0.000100482,0.000100482,0.000100482,0.0002508,0.000355587,0.000186842,0.000147957,8.37e-05,8.68e-05,9.65e-05,9.87e-05,0.000100482,0.000100482,0.000100482,0.000100482,0.000269166,0.000185945,0.000139751,0.000100838,2.76e-05,2.27e-05,0.000100482,0.000100482,0.000100482,0.000100482,0.000100482,0.000100435,0.000166794,0.000196699,0.000109161,6.87e-05,2.49e-05,0.000100482,0.000100482,0.000100482,0.000100482,0.000100482,0.000100482,0.000100482,0.000130887,8.97e-05,5.89e-05,0.000100482,0.000100482,0.000100482,0.000100482,0.000100482,0.000100482,0.000100482,0.000100482,0.000100482,0.000100482,0.000100482,0.000100482,0.000100482,0.000100482,0.000100482,0.00256647,1.05e-05,1.89e-05,8,0.3,34.3145,67.0872,52.9734,0,11.6037,67.4702,8.5852,56.1881,52.0851,569.888,0.014,1e-05,0.15,9999,0.424007
gen=74_member=709_de,3,0.0193985,0.000100482,0.000100482,0.000100482,0.000100482,0.000100482,0.000100482,0.000100482,0.000100482,0.000100482,0.000100482,0.000100482,0.000100482,0.000100482,0.000100482,0.000100482,0.000100482,0.000100482,0.000100482,0.000100482,0.000100482,0.000100482,0.000100482,0.000100482,0.000100482,0.000100482,0.000100482,0.000100482,0.000100482,0.000100482,0.000133445,0.000174125,0.000119126,0.000100482,0.000100482,0.000100482,0.000100482,0.000100482,0.000100482,0.000100482,0.000100482,0.000100482,0.000223177,0.000257884,0.000188135,0.000152827,0.000117487,0.000100482,0.000100482,0.000100482,0.000100482,0.000100482,0.000100482,0.000100482,0.000100482,0.000100482,0.000100482,0.000100482,0.000100482,0.000303643,0.000227284,0.000259587,0.00013923,0.000214134,0.000168426,9.9e-05,0.000100482,0.000100482,0.000100482,0.000100482,0.000100482,0.000100482,0.000100482,0.000100482,0.000100482,0.000100482,0.000100482,0.000199185,0.000421422,0.000230474,0.000174608,0.00033607,0.000174835,0.000100482,0.000100482,0.000100482,0.000100482,0.000100482,0.000100482,0.000100482,0.000100482,0.000100482,0.000100482,0.000100482,0.000277831,0.000205864,0.000269268,0.000283862,0.000174551,0.000132011,0.000122119,0.000125136,0.000100482,0.000100482,0.000100482,0.000100482,0.000100482,0.000100482,0.0002508,0.000355587,0.000186842,0.000147957,8.37e-05,8.68e-05,9.65e-05,9.87e-05,0.000100482,0.000100482,0.000100482,0.000100482,0.000269166,0.000185945,0.000139751,0.000100838,2.76e-05,2.27e-05,0.000100482,0.000100482,0.000100482,0.000100482,0.000100482,0.000100435,0.000166794,0.000196699,0.000109161,6.87e-05,2.49e-05,0.000100482,0.000100482,0.000100482,0.000100482,0.000100482,0.000100482,0.000100482,0.000130887,8.97e-05,5.89e-05,0.000100482,0.000100482,0.000100482,0.000100482,0.000100482,0.000100482,0.000100482,0.000100482,0.000100482,0.000100482,0.000100482,0.000100482,0.000100482,0.000100482,0.000100482,0.00256647,1.05e-05,1.89e-05,8,0.3,12.8841,52.7729,63.7624,7.62839,0.384132,51.1838,31.0019,51.9042,63.1255,569.888,0.014,1e-05,0.15,9999,0.324516
gen=74_member=710_de,3,0.0193985,0.000100482,0.000100482,0.000100482,0.000100482,0.000100482,0.000100482,0.000100482,0.000100482,0.000100482,0.000100482,0.000100482,0.000100482,0.000100482,0.000100482,0.000100482,0.000100482,0.000100482,0.000100482,0.000100482,0.000100482,0.000100482,0.000100482,0.000100482,0.000100482,0.000100482,0.000100482,0.000100482,0.000100482,0.000100482,0.000133445,0.000174125,0.000119126,0.000100482,0.000100482,0.000100482,0.000100482,0.000100482,0.000100482,0.000100482,0.000100482,0.000100482,0.000223177,0.000257884,0.000188135,0.000152827,0.000117487,0.000100482,0.000100482,0.000100482,0.000100482,0.000100482,0.000100482,0.000100482,0.000100482,0.000100482,0.000100482,0.000100482,0.000100482,0.000303643,0.000227284,0.000259587,0.00013923,0.000214134,0.000168426,9.9e-05,0.000100482,0.000100482,0.000100482,0.000100482,0.000100482,0.000100482,0.000100482,0.000100482,0.000100482,0.000100482,0.000100482,0.000199185,0.000421422,0.000230474,0.000174608,0.00033607,0.000174835,0.000100482,0.000100482,0.000100482,0.000100482,0.000100482,0.000100482,0.000100482,0.000100482,0.000100482,0.000100482,0.000100482,0.000277831,0.000205864,0.000269268,0.000283862,0.000174551,0.000132011,0.000122119,0.000125136,0.000100482,0.000100482,0.000100482,0.000100482,0.000100482,0.000100482,0.0002508,0.000355587,0.000186842,0.000147957,8.37e-05,8.68e-05,9.65e-05,9.87e-05,0.000100482,0.000100482,0.000100482,0.000100482,0.000269166,0.000185945,0.000139751,0.000100838,2.76e-05,2.27e-05,0.000100482,0.000100482,0.000100482,0.000100482,0.000100482,0.000100435,0.000166794,0.000196699,0.000109161,6.87e-05,2.49e-05,0.000100482,0.000100482,0.000100482,0.000100482,0.000100482,0.000100482,0.000100482,0.000130887,8.97e-05,5.89e-05,0.000100482,0.000100482,0.000100482,0.000100482,0.000100482,0.000100482,0.000100482,0.000100482,0.000100482,0.000100482,0.000100482,0.000100482,0.000100482,0.000100482,0.000100482,0.00256647,1.05e-05,1.89e-05,8,0.3,45.0625,16.5468,27.6712,8.53631,37.1772,30.3375,30.7301,51.5721,58.0213,569.888,0.014,1e-05,0.15,9999,0.848589
gen=74_member=711_de,3,0.0193985,0.000100482,0.000100482,0.000100482,0.000100482,0.000100482,0.000100482,0.000100482,0.000100482,0.000100482,0.000100482,0.000100482,0.000100482,0.000100482,0.000100482,0.000100482,0.000100482,0.000100482,0.000100482,0.000100482,0.000100482,0.000100482,0.000100482,0.000100482,0.000100482,0.000100482,0.000100482,0.000100482,0.000100482,0.000100482,0.000133445,0.000174125,0.000119126,0.000100482,0.000100482,0.000100482,0.000100482,0.000100482,0.000100482,0.000100482,0.000100482,0.000100482,0.000223177,0.000257884,0.000188135,0.000152827,0.000117487,0.000100482,0.000100482,0.000100482,0.000100482,0.000100482,0.000100482,0.000100482,0.000100482,0.000100482,0.000100482,0.000100482,0.000100482,0.000303643,0.000227284,0.000259587,0.00013923,0.000214134,0.000168426,9.9e-05,0.000100482,0.000100482,0.000100482,0.000100482,0.000100482,0.000100482,0.000100482,0.000100482,0.000100482,0.000100482,0.000100482,0.000199185,0.000421422,0.000230474,0.000174608,0.00033607,0.000174835,0.000100482,0.000100482,0.000100482,0.000100482,0.000100482,0.000100482,0.000100482,0.000100482,0.000100482,0.000100482,0.000100482,0.000277831,0.000205864,0.000269268,0.000283862,0.000174551,0.000132011,0.000122119,0.000125136,0.000100482,0.000100482,0.000100482,0.000100482,0.000100482,0.000100482,0.0002508,0.000355587,0.000186842,0.000147957,8.37e-05,8.68e-05,9.65e-05,9.87e-05,0.000100482,0.000100482,0.000100482,0.000100482,0.000269166,0.000185945,0.000139751,0.000100838,2.76e-05,2.27e-05,0.000100482,0.000100482,0.000100482,0.000100482,0.000100482,0.000100435,0.000166794,0.000196699,0.000109161,6.87e-05,2.49e-05,0.000100482,0.000100482,0.000100482,0.000100482,0.000100482,0.000100482,0.000100482,0.000130887,8.97e-05,5.89e-05,0.000100482,0.000100482,0.000100482,0.000100482,0.000100482,0.000100482,0.000100482,0.000100482,0.000100482,0.000100482,0.000100482,0.000100482,0.000100482,0.000100482,0.000100482,0.00256647,1.05e-05,1.89e-05,8,0.3,59.5848,73.907,63.9671,24.7767,19.1831,87.1721,34.5679,50.5214,56.5806,569.888,0.014,1e-05,0.15,9999,0.01
gen=74_member=712_de,3,0.0193985,0.000100482,0.000100482,0.000100482,0.000100482,0.000100482,0.000100482,0.000100482,0.000100482,0.000100482,0.000100482,0.000100482,0.000100482,0.000100482,0.000100482,0.000100482,0.000100482,0.000100482,0.000100482,0.000100482,0.000100482,0.000100482,0.000100482,0.000100482,0.000100482,0.000100482,0.000100482,0.000100482,0.000100482,0.000100482,0.000133445,0.000174125,0.000119126,0.000100482,0.000100482,0.000100482,0.000100482,0.000100482,0.000100482,0.000100482,0.000100482,0.000100482,0.000223177,0.000257884,0.000188135,0.000152827,0.000117487,0.000100482,0.000100482,0.000100482,0.000100482,0.000100482,0.000100482,0.000100482,0.000100482,0.000100482,0.000100482,0.000100482,0.000100482,0.000303643,0.000227284,0.000259587,0.00013923,0.000214134,0.000168426,9.9e-05,0.000100482,0.000100482,0.000100482,0.000100482,0.000100482,0.000100482,0.000100482,0.000100482,0.000100482,0.000100482,0.000100482,0.000199185,0.000421422,0.000230474,0.000174608,0.00033607,0.000174835,0.000100482,0.000100482,0.000100482,0.000100482,0.000100482,0.000100482,0.000100482,0.000100482,0.000100482,0.000100482,0.000100482,0.000277831,0.000205864,0.000269268,0.000283862,0.000174551,0.000132011,0.000122119,0.000125136,0.000100482,0.000100482,0.000100482,0.000100482,0.000100482,0.000100482,0.0002508,0.000355587,0.000186842,0.000147957,8.37e-05,8.68e-05,9.65e-05,9.87e-05,0.000100482,0.000100482,0.000100482,0.000100482,0.000269166,0.000185945,0.000139751,0.000100838,2.76e-05,2.27e-05,0.000100482,0.000100482,0.000100482,0.000100482,0.000100482,0.000100435,0.000166794,0.000196699,0.000109161,6.87e-05,2.49e-05,0.000100482,0.000100482,0.000100482,0.000100482,0.000100482,0.000100482,0.000100482,0.000130887,8.97e-05,5.89e-05,0.000100482,0.000100482,0.000100482,0.000100482,0.000100482,0.000100482,0.000100482,0.000100482,0.000100482,0.000100482,0.000100482,0.000100482,0.000100482,0.000100482,0.000100482,0.00256647,1.05e-05,1.89e-05,8,0.3,83.8081,56.784,99.8616,11.6236,33.8994,43.0298,45.1902,75.1927,129.32,569.888,0.014,1e-05,0.15,9999,0.335487
gen=74_member=713_de,3,0.0193985,0.000100482,0.000100482,0.000100482,0.000100482,0.000100482,0.000100482,0.000100482,0.000100482,0.000100482,0.000100482,0.000100482,0.000100482,0.000100482,0.000100482,0.000100482,0.000100482,0.000100482,0.000100482,0.000100482,0.000100482,0.000100482,0.000100482,0.000100482,0.000100482,0.000100482,0.000100482,0.000100482,0.000100482,0.000100482,0.000133445,0.000174125,0.000119126,0.000100482,0.000100482,0.000100482,0.000100482,0.000100482,0.000100482,0.000100482,0.000100482,0.000100482,0.000223177,0.000257884,0.000188135,0.000152827,0.000117487,0.000100482,0.000100482,0.000100482,0.000100482,0.000100482,0.000100482,0.000100482,0.000100482,0.000100482,0.000100482,0.000100482,0.000100482,0.000303643,0.000227284,0.000259587,0.00013923,0.000214134,0.000168426,9.9e-05,0.000100482,0.000100482,0.000100482,0.000100482,0.000100482,0.000100482,0.000100482,0.000100482,0.000100482,0.000100482,0.000100482,0.000199185,0.000421422,0.000230474,0.000174608,0.00033607,0.000174835,0.000100482,0.000100482,0.000100482,0.000100482,0.000100482,0.000100482,0.000100482,0.000100482,0.000100482,0.000100482,0.000100482,0.000277831,0.000205864,0.000269268,0.000283862,0.000174551,0.000132011,0.000122119,0.000125136,0.000100482,0.000100482,0.000100482,0.000100482,0.000100482,0.000100482,0.0002508,0.000355587,0.000186842,0.000147957,8.37e-05,8.68e-05,9.65e-05,9.87e-05,0.000100482,0.000100482,0.000100482,0.000100482,0.000269166,0.000185945,0.000139751,0.000100838,2.76e-05,2.27e-05,0.000100482,0.000100482,0.000100482,0.000100482,0.000100482,0.000100435,0.000166794,0.000196699,0.000109161,6.87e-05,2.49e-05,0.000100482,0.000100482,0.000100482,0.000100482,0.000100482,0.000100482,0.000100482,0.000130887,8.97e-05,5.89e-05,0.000100482,0.000100482,0.000100482,0.000100482,0.000100482,0.000100482,0.000100482,0.000100482,0.000100482,0.000100482,0.000100482,0.000100482,0.000100482,0.000100482,0.000100482,0.00256647,1.05e-05,1.89e-05,8,0.3,43.5192,124.666,118.715,22.1356,40.9298,172.799,45.6962,20.3909,144.7,569.888,0.014,1e-05,0.15,9999,0.771482
gen=74_member=714_de,3,0.0193985,0.000100482,0.000100482,0.000100482,0.000100482,0.000100482,0.000100482,0.000100482,0.000100482,0.000100482,0.000100482,0.000100482,0.000100482,0.000100482,0.000100482,0.000100482,0.000100482,0.000100482,0.000100482,0.000100482,0.000100482,0.000100482,0.000100482,0.000100482,0.000100482,0.000100482,0.000100482,0.000100482,0.000100482,0.000100482,0.000133445,0.000174125,0.000119126,0.000100482,0.000100482,0.000100482,0.000100482,0.000100482,0.000100482,0.000100482,0.000100482,0.000100482,0.000223177,0.000257884,0.000188135,0.000152827,0.000117487,0.000100482,0.000100482,0.000100482,0.000100482,0.000100482,0.000100482,0.000100482,0.000100482,0.000100482,0.000100482,0.000100482,0.000100482,0.000303643,0.000227284,0.000259587,0.00013923,0.000214134,0.000168426,9.9e-05,0.000100482,0.000100482,0.000100482,0.000100482,0.000100482,0.000100482,0.000100482,0.000100482,0.000100482,0.000100482,0.000100482,0.000199185,0.000421422,0.000230474,0.000174608,0.00033607,0.000174835,0.000100482,0.000100482,0.000100482,0.000100482,0.000100482,0.000100482,0.000100482,0.000100482,0.000100482,0.000100482,0.000100482,0.000277831,0.000205864,0.000269268,0.000283862,0.000174551,0.000132011,0.000122119,0.000125136,0.000100482,0.000100482,0.000100482,0.000100482,0.000100482,0.000100482,0.0002508,0.000355587,0.000186842,0.000147957,8.37e-05,8.68e-05,9.65e-05,9.87e-05,0.000100482,0.000100482,0.000100482,0.000100482,0.000269166,0.000185945,0.000139751,0.000100838,2.76e-05,2.27e-05,0.000100482,0.000100482,0.000100482,0.000100482,0.000100482,0.000100435,0.000166794,0.000196699,0.000109161,6.87e-05,2.49e-05,0.000100482,0.000100482,0.000100482,0.000100482,0.000100482,0.000100482,0.000100482,0.000130887,8.97e-05,5.89e-05,0.000100482,0.000100482,0.000100482,0.000100482,0.000100482,0.000100482,0.000100482,0.000100482,0.000100482,0.000100482,0.000100482,0.000100482,0.000100482,0.000100482,0.000100482,0.00256647,1.05e-05,1.89e-05,8,0.3,64.0817,44.2624,26.6649,1.27857,16.6901,84.8339,11.824,29.3451,38.1731,569.888,0.014,1e-05,0.15,9999,0.0677648
gen=74_member=715_de,3,0.0193985,0.000100482,0.000100482,0.000100482,0.000100482,0.000100482,0.000100482,0.000100482,0.000100482,0.000100482,0.000100482,0.000100482,0.000100482,0.000100482,0.000100482,0.000100482,0.000100482,0.000100482,0.000100482,0.000100482,0.000100482,0.000100482,0.000100482,0.000100482,0.000100482,0.000100482,0.000100482,0.000100482,0.000100482,0.000100482,0.000133445,0.000174125,0.000119126,0.000100482,0.000100482,0.000100482,0.000100482,0.000100482,0.000100482,0.000100482,0.000100482,0.000100482,0.000223177,0.000257884,0.000188135,0.000152827,0.000117487,0.000100482,0.000100482,0.000100482,0.000100482,0.000100482,0.000100482,0.000100482,0.000100482,0.000100482,0.000100482,0.000100482,0.000100482,0.000303643,0.000227284,0.000259587,0.00013923,0.000214134,0.000168426,9.9e-05,0.000100482,0.000100482,0.000100482,0.000100482,0.000100482,0.000100482,0.000100482,0.000100482,0.000100482,0.000100482,0.000100482,0.000199185,0.000421422,0.000230474,0.000174608,0.00033607,0.000174835,0.000100482,0.000100482,0.000100482,0.000100482,0.000100482,0.000100482,0.000100482,0.000100482,0.000100482,0.000100482,0.000100482,0.000277831,0.000205864,0.000269268,0.000283862,0.000174551,0.000132011,0.000122119,0.000125136,0.000100482,0.000100482,0.000100482,0.000100482,0.000100482,0.000100482,0.0002508,0.000355587,0.000186842,0.000147957,8.37e-05,8.68e-05,9.65e-05,9.87e-05,0.000100482,0.000100482,0.000100482,0.000100482,0.000269166,0.000185945,0.000139751,0.000100838,2.76e-05,2.27e-05,0.000100482,0.000100482,0.000100482,0.000100482,0.000100482,0.000100435,0.000166794,0.000196699,0.000109161,6.87e-05,2.49e-05,0.000100482,0.000100482,0.000100482,0.000100482,0.000100482,0.000100482,0.000100482,0.000130887,8.97e-05,5.89e-05,0.000100482,0.000100482,0.000100482,0.000100482,0.000100482,0.000100482,0.000100482,0.000100482,0.000100482,0.000100482,0.000100482,0.000100482,0.000100482,0.000100482,0.000100482,0.00256647,1.05e-05,1.89e-05,8,0.3,47.0721,50.4062,43.303,16.3398,24.4417,36.5671,24.8396,34.4186,18.5903,569.888,0.014,1e-05,0.15,9999,0.467677
gen=74_member=716_de,3,0.0193985,0.000100482,0.000100482,0.000100482,0.000100482,0.000100482,0.000100482,0.000100482,0.000100482,0.000100482,0.000100482,0.000100482,0.000100482,0.000100482,0.000100482,0.000100482,0.000100482,0.000100482,0.000100482,0.000100482,0.000100482,0.000100482,0.000100482,0.000100482,0.000100482,0.000100482,0.000100482,0.000100482,0.000100482,0.000100482,0.000133445,0.000174125,0.000119126,0.000100482,0.000100482,0.000100482,0.000100482,0.000100482,0.000100482,0.000100482,0.000100482,0.000100482,0.000223177,0.000257884,0.000188135,0.000152827,0.000117487,0.000100482,0.000100482,0.000100482,0.000100482,0.000100482,0.000100482,0.000100482,0.000100482,0.000100482,0.000100482,0.000100482,0.000100482,0.000303643,0.000227284,0.000259587,0.00013923,0.000214134,0.000168426,9.9e-05,0.000100482,0.000100482,0.000100482,0.000100482,0.000100482,0.000100482,0.000100482,0.000100482,0.000100482,0.000100482,0.000100482,0.000199185,0.000421422,0.000230474,0.000174608,0.00033607,0.000174835,0.000100482,0.000100482,0.000100482,0.000100482,0.000100482,0.000100482,0.000100482,0.000100482,0.000100482,0.000100482,0.000100482,0.000277831,0.000205864,0.000269268,0.000283862,0.000174551,0.000132011,0.000122119,0.000125136,0.000100482,0.000100482,0.000100482,0.000100482,0.000100482,0.000100482,0.0002508,0.000355587,0.000186842,0.000147957,8.37e-05,8.68e-05,9.65e-05,9.87e-05,0.000100482,0.000100482,0.000100482,0.000100482,0.000269166,0.000185945,0.000139751,0.000100838,2.76e-05,2.27e-05,0.000100482,0.000100482,0.000100482,0.000100482,0.000100482,0.000100435,0.000166794,0.000196699,0.000109161,6.87e-05,2.49e-05,0.000100482,0.000100482,0.000100482,0.000100482,0.000100482,0.000100482,0.000100482,0.000130887,8.97e-05,5.89e-05,0.000100482,0.000100482,0.000100482,0.000100482,0.000100482,0.000100482,0.000100482,0.000100482,0.000100482,0.000100482,0.000100482,0.000100482,0.000100482,0.000100482,0.000100482,0.00256647,1.05e-05,1.89e-05,8,0.3,60.1707,53.4313,58.8986,23.7571,27.4395,142.685,21.0867,55.4019,72.9794,569.888,0.014,1e-05,0.15,9999,0.01
gen=74_member=717_de,3,0.0193985,0.000100482,0.000100482,0.000100482,0.000100482,0.000100482,0.000100482,0.000100482,0.000100482,0.000100482,0.000100482,0.000100482,0.000100482,0.000100482,0.000100482,0.000100482,0.000100482,0.000100482,0.000100482,0.000100482,0.000100482,0.000100482,0.000100482,0.000100482,0.000100482,0.000100482,0.000100482,0.000100482,0.000100482,0.000100482,0.000133445,0.000174125,0.000119126,0.000100482,0.000100482,0.000100482,0.000100482,0.000100482,0.000100482,0.000100482,0.000100482,0.000100482,0.000223177,0.000257884,0.000188135,0.000152827,0.000117487,0.000100482,0.000100482,0.000100482,0.000100482,0.000100482,0.000100482,0.000100482,0.000100482,0.000100482,0.000100482,0.000100482,0.000100482,0.000303643,0.000227284,0.000259587,0.00013923,0.000214134,0.000168426,9.9e-05,0.000100482,0.000100482,0.000100482,0.000100482,0.000100482,0.000100482,0.000100482,0.000100482,0.000100482,0.000100482,0.000100482,0.000199185,0.000421422,0.000230474,0.000174608,0.00033607,0.000174835,0.000100482,0.000100482,0.000100482,0.000100482,0.000100482,0.000100482,0.000100482,0.000100482,0.000100482,0.000100482,0.000100482,0.000277831,0.000205864,0.000269268,0.000283862,0.000174551,0.000132011,0.000122119,0.000125136,0.000100482,0.000100482,0.000100482,0.000100482,0.000100482,0.000100482,0.0002508,0.000355587,0.000186842,0.000147957,8.37e-05,8.68e-05,9.65e-05,9.87e-05,0.000100482,0.000100482,0.000100482,0.000100482,0.000269166,0.000185945,0.000139751,0.000100838,2.76e-05,2.27e-05,0.000100482,0.000100482,0.000100482,0.000100482,0.000100482,0.000100435,0.000166794,0.000196699,0.000109161,6.87e-05,2.49e-05,0.000100482,0.000100482,0.000100482,0.000100482,0.000100482,0.000100482,0.000100482,0.000130887,8.97e-05,5.89e-05,0.000100482,0.000100482,0.000100482,0.000100482,0.000100482,0.000100482,0.000100482,0.000100482,0.000100482,0.000100482,0.000100482,0.000100482,0.000100482,0.000100482,0.000100482,0.00256647,1.05e-05,1.89e-05,8,0.3,13.379,45.4668,52.7112,0,0,68.1585,24.5952,44.6859,62.6233,569.888,0.014,1e-05,0.15,9999,0.488166
gen=74_member=718_de,3,0.0193985,0.000100482,0.000100482,0.000100482,0.000100482,0.000100482,0.000100482,0.000100482,0.000100482,0.000100482,0.000100482,0.000100482,0.000100482,0.000100482,0.000100482,0.000100482,0.000100482,0.000100482,0.000100482,0.000100482,0.000100482,0.000100482,0.000100482,0.000100482,0.000100482,0.000100482,0.000100482,0.000100482,0.000100482,0.000100482,0.000133445,0.000174125,0.000119126,0.000100482,0.000100482,0.000100482,0.000100482,0.000100482,0.000100482,0.000100482,0.000100482,0.000100482,0.000223177,0.000257884,0.000188135,0.000152827,0.000117487,0.000100482,0.000100482,0.000100482,0.000100482,0.000100482,0.000100482,0.000100482,0.000100482,0.000100482,0.000100482,0.000100482,0.000100482,0.000303643,0.000227284,0.000259587,0.00013923,0.000214134,0.000168426,9.9e-05,0.000100482,0.000100482,0.000100482,0.000100482,0.000100482,0.000100482,0.000100482,0.000100482,0.000100482,0.000100482,0.000100482,0.000199185,0.000421422,0.000230474,0.000174608,0.00033607,0.000174835,0.000100482,0.000100482,0.000100482,0.000100482,0.000100482,0.000100482,0.000100482,0.000100482,0.000100482,0.000100482,0.000100482,0.000277831,0.000205864,0.000269268,0.000283862,0.000174551,0.000132011,0.000122119,0.000125136,0.000100482,0.000100482,0.000100482,0.000100482,0.000100482,0.000100482,0.0002508,0.000355587,0.000186842,0.000147957,8.37e-05,8.68e-05,9.65e-05,9.87e-05,0.000100482,0.000100482,0.000100482,0.000100482,0.000269166,0.000185945,0.000139751,0.000100838,2.76e-05,2.27e-05,0.000100482,0.000100482,0.000100482,0.000100482,0.000100482,0.000100435,0.000166794,0.000196699,0.000109161,6.87e-05,2.49e-05,0.000100482,0.000100482,0.000100482,0.000100482,0.000100482,0.000100482,0.000100482,0.000130887,8.97e-05,5.89e-05,0.000100482,0.000100482,0.000100482,0.000100482,0.000100482,0.000100482,0.000100482,0.000100482,0.000100482,0.000100482,0.000100482,0.000100482,0.000100482,0.000100482,0.000100482,0.00256647,1.05e-05,1.89e-05,8,0.3,88.9576,16.5468,27.6712,8.53631,37.1772,30.3375,30.7301,51.5721,58.0213,569.888,0.014,1e-05,0.15,9999,0.848589
gen=74_member=719_de,3,0.0193985,0.000100482,0.000100482,0.000100482,0.000100482,0.000100482,0.000100482,0.000100482,0.000100482,0.000100482,0.000100482,0.000100482,0.000100482,0.000100482,0.000100482,0.000100482,0.000100482,0.000100482,0.000100482,0.000100482,0.000100482,0.000100482,0.000100482,0.000100482,0.000100482,0.000100482,0.000100482,0.000100482,0.000100482,0.000100482,0.000133445,0.000174125,0.000119126,0.000100482,0.000100482,0.000100482,0.000100482,0.000100482,0.000100482,0.000100482,0.000100482,0.000100482,0.000223177,0.000257884,0.000188135,0.000152827,0.000117487,0.000100482,0.000100482,0.000100482,0.000100482,0.000100482,0.000100482,0.000100482,0.000100482,0.000100482,0.000100482,0.000100482,0.000100482,0.000303643,0.000227284,0.000259587,0.00013923,0.000214134,0.000168426,9.9e-05,0.000100482,0.000100482,0.000100482,0.000100482,0.000100482,0.000100482,0.000100482,0.000100482,0.000100482,0.000100482,0.000100482,0.000199185,0.000421422,0.000230474,0.000174608,0.00033607,0.000174835,0.000100482,0.000100482,0.000100482,0.000100482,0.000100482,0.000100482,0.000100482,0.000100482,0.000100482,0.000100482,0.000100482,0.000277831,0.000205864,0.000269268,0.000283862,0.000174551,0.000132011,0.000122119,0.000125136,0.000100482,0.000100482,0.000100482,0.000100482,0.000100482,0.000100482,0.0002508,0.000355587,0.000186842,0.000147957,8.37e-05,8.68e-05,9.65e-05,9.87e-05,0.000100482,0.000100482,0.000100482,0.000100482,0.000269166,0.000185945,0.000139751,0.000100838,2.76e-05,2.27e-05,0.000100482,0.000100482,0.000100482,0.000100482,0.000100482,0.000100435,0.000166794,0.000196699,0.000109161,6.87e-05,2.49e-05,0.000100482,0.000100482,0.000100482,0.000100482,0.000100482,0.000100482,0.000100482,0.000130887,8.97e-05,5.89e-05,0.000100482,0.000100482,0.000100482,0.000100482,0.000100482,0.000100482,0.000100482,0.000100482,0.000100482,0.000100482,0.000100482,0.000100482,0.000100482,0.000100482,0.000100482,0.00256647,1.05e-05,1.89e-05,8,0.3,57.4771,44.3588,123.825,17.4115,24.5494,169.39,8.37309,101.571,159.67,569.888,0.014,1e-05,0.15,9999,0.01
