iteration,total_runs,obs_realization,par_realization,hmuni,hdeep,hshallow,v_lens,zert,zmuni,l_zmuni_pct,zwells,ztdem
0,178,0,0,107.359,278.52,34.438,0,11627.9,0,0,22789.3,17247.9
0,178,1,1,136.551,26.2652,842.421,0,3517.31,0,0,3075.58,4759.39
0,178,2,2,1078.4,271.1,2697.69,0,12077.9,0,0,3211.7,14254.2
0,178,3,3,2214.71,229.38,6666.2,0,22422.6,0,0,5226.93,24861.2
0,178,4,4,110.881,21.5391,368.548,0,1138.95,0,0,2870.14,2148.31
0,178,5,5,1140.93,156.344,5250.48,0,11666.4,0,0,5985,13635.9
0,178,6,6,3030.81,1189.9,18406.6,0,42210.7,0,0,26602.8,42684.3
0,178,7,7,603.887,63.2867,3395.8,0,7008.72,0,0,3032.88,9012.95
0,178,8,8,191.818,422.162,1638.32,0,9248.08,0,0,16482.6,10021.3
0,178,9,9,16456.6,9004.47,56848.2,0,207355,0,0,163266,213187
0,178,10,10,804.151,105.87,2677.54,0,5510.39,0,0,1493.85,7694.69
0,178,11,11,101.373,20.7134,42.8601,0,1644.86,0,0,1530.64,1764.7
0,178,12,12,213.397,393.662,1188.01,0,13554.5,0,0,21371.6,13981.4
0,178,13,13,137.023,41.5542,184.222,0,7026.77,0,0,7701.27,7416.99
0,178,14,14,144.688,297.219,496.033,0,14794.9,0,0,26152.6,20480.1
0,178,17,17,3306.94,3162.29,13188.4,0,56926,0,0,66039,63818.1
0,178,18,18,16004.1,9281.18,53022.6,0,201890,0,0,165204,209351
0,178,19,19,279.084,179.24,229.387,0,1297.58,0,0,110.265,809.327
0,178,21,21,955.957,231.89,3953.46,0,53345.1,0,0,37405.7,55088.2
0,178,22,22,377.791,48.1811,1142.68,0,11378.9,0,0,9042.02,13657.8
0,178,23,23,3052.25,911.035,11011.3,0,68543.6,0,0,50202.2,74559
0,178,24,24,186.976,169.214,28.6178,0,4688.4,0,0,994.222,5764.49
0,178,25,25,808.969,440.437,3658.46,0,36286.8,0,0,31235.5,35573.7
0,178,26,26,168.156,153.234,69.2389,0,1423.4,0,0,23.9717,1740.2
0,178,27,27,501.335,73.9222,1720.19,0,12885.3,0,0,8813.53,14352.3
0,178,28,28,2970.18,1449.03,12638.6,0,40530.4,0,0,34181.8,41829.8
0,178,29,29,109.762,200.889,263.456,0,4807.1,0,0,11432.4,5755.3
0,178,30,30,166.663,483.798,878.656,0,11141,0,0,20593.2,13921.8
0,178,31,31,561.9,76.4923,1100.84,0,7821.61,0,0,4332.52,11304.8
0,178,32,32,154.414,14.1185,310.052,0,2008.09,0,0,1613.16,2061.64
0,178,33,33,3998.4,1891.89,15123.8,0,74604.6,0,0,53610.5,75954.8
0,178,34,34,2590.6,1117.8,10220.4,0,48298.5,0,0,37634.7,48823.8
0,178,35,35,445.383,82.7624,1733.68,0,9718.85,0,0,6229.41,8574.62
0,178,36,36,309.597,99.0405,163.37,0,1395.12,0,0,317.372,1009.56
0,178,37,37,106.12,7.78089,311.435,0,2081.42,0,0,2233.96,2038.72
0,178,38,38,152.156,170.658,325.229,0,1337.18,0,0,560.303,2045.23
0,178,39,39,155.352,64.5176,881.735,0,4237.3,0,0,5227.57,5431.3
0,178,40,40,126.85,24.7464,61.212,0,2126.67,0,0,1799.47,1999.17
0,178,41,41,940.371,123.109,1457.25,0,18404.4,0,0,7926.54,17929.4
0,178,42,42,140.439,17.2922,281.283,0,3736.74,0,0,3656.92,4038.51
0,178,43,43,299.364,305.281,457.984,0,1961.26,0,0,177.486,1276.61
0,178,44,44,289.383,190.17,401.042,0,1450.26,0,0,119.415,927.767
0,178,46,46,314.458,76.4267,316.995,0,1473.61,0,0,837.937,1112.06
0,178,47,47,238.517,208.73,175.338,0,1304.51,0,0,160.778,817.697
0,178,48,48,190.807,99.1664,202.911,0,1502.24,0,0,180.711,832.457
0,178,51,51,20140.4,7724.11,71425.5,0,202581,0,0,131128,194372
0,178,52,52,3304.07,1855.6,12311,0,45576.4,0,0,39902.5,49137.1
0,178,53,53,7899.64,3462.32,30061.2,0,108144,0,0,79799.6,115039
0,178,54,54,182.022,82.3908,83.7363,0,904.244,0,0,476.631,797.385
0,178,55,55,168.647,44.9563,357.465,0,1251.2,0,0,835.287,1303.3
0,178,56,56,125.818,12.5397,628.16,0,1287.97,0,0,2294.46,1932.7
0,178,57,57,312.233,60.8849,324.312,0,1707.63,0,0,1581.22,1310.99
0,178,58,58,147.536,46.1862,28.8145,0,2545.62,0,0,1621.75,2863.45
0,178,60,60,228.291,52.1978,273.724,0,1793.87,0,0,818.395,1472.5
0,178,61,61,1365.25,1678.88,8310.2,0,40546.1,0,0,50616,46219.7
0,178,62,62,1572.61,619.068,8789.73,0,16084,0,0,19401.1,21103.6
0,178,63,63,486.457,62.4504,1548.74,0,5600,0,0,3359.79,5388.96
0,178,64,64,258.902,33.6329,1269.26,0,2629.9,0,0,2388.94,4388.97
0,178,65,65,8899.24,4439.57,33451.7,0,116305,0,0,88255.2,124056
0,178,66,66,246.013,68.6099,754.213,0,5395,0,0,8984,9004.29
0,178,67,67,240.615,162.396,259.893,0,1554.9,0,0,131.947,1323.87
0,178,69,69,313.805,40.8002,349.844,0,7305.18,0,0,4599.22,9395.67
0,178,71,71,6021.17,3703.06,22319.3,0,84589.9,0,0,71976.1,88388.1
0,178,72,72,301.946,767.671,3081.29,0,15338.2,0,0,27551.5,17407.8
0,178,73,73,984.481,164.359,3116.81,0,10918.7,0,0,7426.49,12685.6
0,178,74,74,500.827,157.692,2073.24,0,8854.6,0,0,7792.14,9765.08
0,178,76,76,382.496,62.6154,927.563,0,6575.7,0,0,2456,5967.28
0,178,77,77,149.911,37.5735,618.001,0,7438.46,0,0,8269.59,9341.23
0,178,78,78,1753.16,314.837,7564.76,0,27317.7,0,0,16742.2,34691.4
0,178,79,79,717.195,73.2324,2143.89,0,3627.82,0,0,2973.43,4811.11
0,178,80,80,1511.08,3310.21,8531.41,0,53164.3,0,0,80597.5,61135.6
0,178,81,81,241.892,90.7572,550.332,0,7371.24,0,0,8295.02,8962.37
0,178,82,82,227.749,156.109,142.818,0,10436.1,0,0,14689.4,13143.9
0,178,84,84,99.8567,12.4687,260.969,0,2078.61,0,0,1251.68,2155.08
0,178,85,85,4175.61,2827.93,17691.9,0,56828.7,0,0,50427.3,62332.1
0,178,86,86,693.552,360.733,3703.23,0,18428.5,0,0,15129.1,17544.9
0,178,87,87,2760.25,1730.36,11273.7,0,41376,0,0,40611.8,47781
0,178,88,88,186.991,171.183,398.708,0,5672.7,0,0,9389.81,6899.99
0,178,89,89,461.686,66.1064,2450.45,0,7025.76,0,0,6855.92,9911.36
0,178,90,90,161.084,73.0645,44.5922,0,1819.98,0,0,6870.96,2412.01
0,178,91,91,253.445,271.465,246.685,0,1370.08,0,0,300.876,928.662
0,178,92,92,549.734,383.223,3058.3,0,11674.2,0,0,14447.2,12256.3
0,178,93,93,199.768,13.1096,577.691,0,17278.8,0,0,12994.6,19550.7
0,178,94,94,2803.71,1953.69,15033.6,0,39901.7,0,0,52007,48352.8
0,178,95,95,1577.69,1389.99,8225.53,0,48096.5,0,0,50140.3,56475.4
0,178,96,96,212.427,243.941,168.517,0,2222.43,0,0,209.991,1762.11
0,178,97,97,1384.66,424.707,5642.71,0,20297.4,0,0,13134.2,21883.7
0,178,98,98,175.183,26.7492,238.051,0,2440.47,0,0,1392.65,3174.46
0,178,99,99,145.396,758.209,262.298,0,15717.3,0,0,26892.4,20367.4
0,178,100,100,899.666,373.223,3529.26,0,28719.7,0,0,20452.7,29198
0,178,101,101,410.972,74.3011,1650,0,12277.5,0,0,8748.97,12548.6
0,178,102,102,112.925,81.8788,23.2356,0,1419.51,0,0,376.131,1539.37
0,178,104,104,289.743,295.616,199.79,0,2404.21,0,0,568.887,1714.12
0,178,106,106,280.816,552.468,1472.5,0,22851,0,0,32627.1,23267.2
0,178,107,107,126.648,25.41,365.342,0,3189.27,0,0,4232.2,4098.66
0,178,108,108,158.603,187.327,9.94933,0,1608.47,0,0,370.517,1363.87
0,178,109,109,2418.46,372.641,10788.8,0,21861.9,0,0,10861.4,24023.1
0,178,110,110,238.508,270.535,562.919,0,8735.27,0,0,15507.6,8896.58
0,178,111,111,610.996,799.561,5197.93,0,16554.6,0,0,22782.5,18860.4
0,178,112,112,154.888,67.288,94.6273,0,6243.84,0,0,4283.29,7753.95
0,178,113,113,178.452,28.4837,627.745,0,1620.08,0,0,733.321,1614.14
0,178,114,114,1735.1,496.781,7457.87,0,23085.6,0,0,16635.9,27493.4
0,178,115,115,1489.97,298.659,7221.78,0,22053.4,0,0,12284.6,24492.7
0,178,116,116,163.284,19.9854,243.49,0,4518.94,0,0,7152.51,5182.51
0,178,118,118,161.032,27.6933,284.31,0,2315.97,0,0,3046.72,2202.2
0,178,119,119,787.499,125.188,1581.94,0,7414.88,0,0,1351.64,7009.63
0,178,120,120,216.444,37.1719,266.18,0,1204.06,0,0,972.218,1251.29
0,178,122,122,143.456,95.7646,75.4165,0,1723.78,0,0,188.88,1690.28
0,178,123,123,137.806,38.0902,441.11,0,3486.39,0,0,2900.66,4363.02
0,178,124,124,160.66,85.4023,224.155,0,2565.58,0,0,247.158,2833.32
0,178,125,125,873.746,211.518,3734.68,0,14343.9,0,0,10951,14971.1
0,178,127,127,932.843,109.942,2036.27,0,9614.03,0,0,1330.19,9570.12
0,178,128,128,237.962,38.5288,96.3828,0,1533.54,0,0,2204.46,2073.86
0,178,129,129,2544.3,1456.99,16642.8,0,47963.9,0,0,42814.4,52335.4
0,178,130,130,407.855,98.7082,2537.33,0,24344.8,0,0,16835.4,24510.9
0,178,131,131,107.823,180.116,224.712,0,4123.17,0,0,9613.08,5493.74
0,178,132,132,362.747,103.571,381.128,0,1191.68,0,0,1216.1,915.098
0,178,133,133,262.596,37.7382,2028.64,0,7135.06,0,0,6224.35,10118.2
0,178,134,134,203.32,52.8997,1225.8,0,2581.54,0,0,1094.47,4002.36
0,178,135,135,560.868,247.914,2286.3,0,8994.64,0,0,12710.1,10501.4
0,178,136,136,1437.4,258.302,7531.77,0,14648.7,0,0,7790.36,16051.5
0,178,137,137,195.911,20.4832,481.912,0,3889.59,0,0,2631.01,4388.72
0,178,139,139,110.045,40.4768,79.7095,0,1936.94,0,0,306.596,1692.66
0,178,140,140,344.87,150.008,3474.73,0,19800.4,0,0,19774.7,23214.7
0,178,141,141,458.29,200.011,701.543,0,13431.1,0,0,14009.5,16914.5
0,178,142,142,2127.74,1460.79,13152.3,0,63293.3,0,0,57599.4,70070.7
0,178,143,143,163.798,68.7241,177.78,0,1463.97,0,0,850.553,1979.32
0,178,145,145,193.485,60.4264,121.526,0,1791.2,0,0,1152.09,1074.61
0,178,146,146,169.705,89.027,31.9592,0,1956.83,0,0,288.217,1192.23
0,178,147,147,293.94,48.6232,1016.9,0,5367.65,0,0,6709.2,6096.23
0,178,148,148,97.1415,24.6781,45.2043,0,2954.54,0,0,3596.6,3552.15
0,178,149,149,102.955,41.3288,24.8718,0,3483.74,0,0,5626.21,6510.89
0,178,150,150,894.104,335.91,5349.89,0,18531.8,0,0,17949.7,21093.1
0,178,151,151,231.148,124.407,367.266,0,3442.72,0,0,333.19,3145.18
0,178,152,152,1516.59,1124,11011.1,0,29865.9,0,0,30680.1,34695.3
0,178,153,153,859.464,61.2067,2034.64,0,10081.7,0,0,5195.81,14734.9
0,178,154,154,225.96,96.5644,465.693,0,1512.41,0,0,1016.98,3624.9
0,178,155,155,1703.84,329.06,8764.04,0,11369.8,0,0,4754.52,12566
0,178,156,156,339.706,92.8304,376.355,0,2075.59,0,0,395.021,1899.1
0,178,157,157,314.076,31.5755,1816.73,0,4092.45,0,0,2519.46,5595.29
0,178,158,158,2260.71,1305.5,15390.9,0,65448.9,0,0,48802.8,64550.9
0,178,159,159,134.64,18.7397,928.715,0,3780.83,0,0,4261.83,4236.53
0,178,162,162,8448.29,6012.27,27714.4,0,133362,0,0,134032,143838
0,178,164,164,2408.81,482.353,9724.96,0,77047.7,0,0,51479.9,78339.2
0,178,165,165,252.366,35.161,946.017,0,7385.66,0,0,3658.46,8739.28
0,178,166,166,220.934,159.452,1213.08,0,14410.3,0,0,14471.2,14108.1
0,178,167,167,684.149,116.723,2140.88,0,11315,0,0,7365.56,13990.9
0,178,168,168,13639.1,8365.93,53488.3,0,184642,0,0,152942,195321
0,178,169,169,324.584,162.044,218.403,0,4590.09,0,0,15581.8,6388.33
0,178,170,170,616.834,314.621,2492.01,0,15986.7,0,0,17897.6,21404.1
0,178,171,171,292.382,164.702,322.657,0,6514.59,0,0,12203.4,7918.62
0,178,172,172,797.19,67.4693,2371.34,0,7975.67,0,0,3271.55,8102.81
0,178,173,173,188.105,110.127,1452.33,0,5029.22,0,0,8111.47,6902.95
0,178,174,174,204.726,161.959,137.789,0,4518.41,0,0,8819.7,9830.86
0,178,175,175,229.658,106.953,29.7944,0,2613.19,0,0,439.028,2014.61
0,178,176,176,144.852,160.565,684.637,0,5140.98,0,0,10453.9,6155.67
0,178,177,177,345.716,54.1516,1804.65,0,3686.67,0,0,3353.84,5315.11
0,178,178,178,142.813,369.456,714.31,0,15271.5,0,0,21571.2,15339.1
0,178,179,179,174.571,291.809,661.577,0,6367.44,0,0,14019.1,8753.26
0,178,180,180,185.607,58.19,1150.62,0,4124.74,0,0,5500.26,5774.23
0,178,181,181,4075.82,907.197,13659.5,0,53856.2,0,0,23350.6,50951.6
0,178,182,182,247.656,52.5911,222.981,0,1227.45,0,0,1165.55,1879.05
0,178,183,183,151.685,220.981,16.2366,0,855.19,0,0,258.063,679.603
0,178,184,184,160.099,74.6353,83.5057,0,840.587,0,0,227.948,498.688
0,178,185,185,209.311,23.5681,659.28,0,1524.28,0,0,2290.46,1837.17
0,178,186,186,370.674,89.3988,408.485,0,1599.58,0,0,1152.1,1447.49
0,178,187,187,163.706,142.981,7.75613,0,1358.24,0,0,188.248,1019.9
0,178,188,188,10207.6,4679.47,38252.1,0,133560,0,0,92574.5,135405
0,178,189,189,590.758,107.581,6295.33,0,7195.46,0,0,4143.22,11721.8
0,178,190,190,168.952,116.517,86.7604,0,676.318,0,0,183.687,781.972
0,178,192,192,156.553,27.004,237.152,0,1281.67,0,0,1676.84,1533.03
0,178,193,193,228.619,194.062,145.005,0,1217.63,0,0,740.82,1575.68
0,178,194,194,654.251,140.679,4037.98,0,10325.3,0,0,5708.93,11497.1
0,178,195,195,147.936,26.3868,315.13,0,4247.92,0,0,3547.28,5561.84
0,178,196,196,377.339,114.356,1442.93,0,8317.52,0,0,6905.13,8962.84
0,178,197,197,147.406,71.3651,450.848,0,7507.52,0,0,14729,9823.76
0,178,198,198,263.535,587.316,1264.45,0,12609.3,0,0,22839.9,16936.5
0,178,base,base,175.889,23.0846,601.427,0,3246.8,0,0,3732.33,4350.69
1,386,0,0,102.37,93.8338,5.43558,0,547.145,0,0,90.6486,562.332
1,386,1,1,118.18,94.3926,13.0699,0,627.856,0,0,156.321,555.173
1,386,2,2,232.328,187.33,110.07,0,882.497,0,0,156.92,544.689
1,386,3,3,132.405,34.2139,65.9973,0,762.855,0,0,706.962,688.488
1,386,4,4,95.0363,35.954,129.324,0,562.756,0,0,637.671,850.843
1,386,5,5,173.501,107.197,75.8975,0,762.352,0,0,219.48,511.676
1,386,6,6,97.1118,24.612,22.3037,0,1322.11,0,0,1374,1369.84
1,386,7,7,95.8513,50.5118,208.328,0,967.731,0,0,359.777,1265
1,386,8,8,123.713,134.187,9.39622,0,696.6,0,0,83.5314,520.585
1,386,9,9,296.563,250.502,313.487,0,1575.32,0,0,268.432,986.308
1,386,10,10,97.8022,50.071,80.3726,0,571.67,0,0,347.243,658.206
1,386,11,11,101.507,49.7927,17.9628,0,779.523,0,0,412.36,710.162
1,386,12,12,119.711,116.431,17.1217,0,581.437,0,0,91.1995,546.621
1,386,13,13,127.892,100.238,28.6466,0,691.48,0,0,160.915,536.076
1,386,14,14,118.967,150.29,21.4296,0,570.439,0,0,89.3545,638.041
1,386,17,17,171.922,72.8334,78.3483,0,803.051,0,0,220.557,515.019
1,386,18,18,369.706,245.603,495.268,0,1946.38,0,0,254.705,1132.31
1,386,19,19,222.54,177.227,118.123,0,1052.72,0,0,101.768,634.417
1,386,21,21,127.655,55.7409,71.1139,0,568.751,0,0,290.389,513.519
1,386,22,22,146.336,113.475,33.1816,0,650.743,0,0,119.073,622.554
1,386,23,23,140.708,42.4145,46.9506,0,732.662,0,0,604.255,620.118
1,386,24,24,166.653,142.391,38.5915,0,648.589,0,0,38.8378,463.629
1,386,25,25,107.439,56.1573,59.3442,0,724.435,0,0,321.203,753.708
1,386,26,26,129.705,110.876,4.67409,0,724.338,0,0,34.6143,733.719
1,386,27,27,124.757,68.3236,57.2357,0,812.103,0,0,271.088,1016.58
1,386,28,28,96.5103,56.6626,39.0232,0,594.971,0,0,330.859,569.79
1,386,29,29,105.414,88.5392,19.76,0,550.66,0,0,105.045,552.299
1,386,30,30,99.4888,16.7012,198.849,0,896.026,0,0,1066.83,1204.17
1,386,31,31,250.768,155.259,120.385,0,886.191,0,0,118.769,544.229
1,386,32,32,132.976,37.5505,143.145,0,901.75,0,0,421.254,734.058
1,386,33,33,192.995,124.98,50.2023,0,612.679,0,0,105.201,419.753
1,386,34,34,116.106,50.3896,27.8137,0,732.906,0,0,574.083,683.6
1,386,35,35,142.994,11.618,309.29,0,1908.55,0,0,2551,2344.82
1,386,36,36,252.015,89.9348,47.5689,0,962.262,0,0,244.515,683.344
1,386,37,37,100.558,12.6418,153.086,0,1034.15,0,0,1008.33,987.71
1,386,38,38,225.012,225.542,113.131,0,917.995,0,0,122.42,693.415
1,386,39,39,115.786,69.787,46.5562,0,631.872,0,0,189.525,598.828
1,386,40,40,105.923,50.939,36.0212,0,640.629,0,0,355.305,617.807
1,386,41,41,118.016,54.9186,34.4192,0,595.904,0,0,554.929,673.512
1,386,42,42,122.441,70.2808,60.3548,0,790.137,0,0,333.477,740.352
1,386,43,43,259.033,276.152,297.928,0,1411.71,0,0,262.978,897.842
1,386,44,44,245.215,200.739,250.702,0,1231.08,0,0,82.2987,791.058
1,386,46,46,196.64,93.9884,124.007,0,844.179,0,0,186.375,499.034
1,386,47,47,206.496,203.153,100.851,0,1178.2,0,0,193.503,768.513
1,386,48,48,127.384,89.0577,68.173,0,819.251,0,0,109.581,532.756
1,386,51,51,209.643,247.593,103.708,0,886.712,0,0,248.365,643.011
1,386,52,52,204.602,141.901,81.7971,0,979.537,0,0,79.341,516.484
1,386,53,53,237.848,73.7384,176.765,0,1061.22,0,0,441.668,640.507
1,386,54,54,183.824,135.638,41.5251,0,720.86,0,0,71.5734,522.52
1,386,55,55,105.965,53.8652,74.3454,0,647.396,0,0,327.02,569.734
1,386,56,56,87.2904,36.5915,112.154,0,493.824,0,0,607.371,665.849
1,386,57,57,197.072,78.1969,119.577,0,892.097,0,0,357.46,495.377
1,386,58,58,129.254,94.5622,3.32307,0,696.118,0,0,185.383,594.803
1,386,60,60,154.128,82.9592,87.5868,0,880.794,0,0,227.101,624.251
1,386,61,61,218.561,276.285,137.939,0,1362.46,0,0,499.014,931.005
1,386,62,62,156.673,96.1003,38.6403,0,755.703,0,0,188.705,521.249
1,386,63,63,96.5477,28.8909,136.795,0,1041.72,0,0,439.37,859.808
1,386,64,64,115.202,104.275,22.5609,0,542.202,0,0,128.277,680.235
1,386,65,65,213.729,218.042,135.646,0,1242.24,0,0,277.552,850.055
1,386,66,66,100.983,49.645,49.454,0,576.335,0,0,525.674,873.506
1,386,67,67,223.342,184.846,160.079,0,1155.43,0,0,60.6831,736.424
1,386,69,69,103.465,36.406,39.838,0,797.325,0,0,893.869,1075.46
1,386,71,71,257.676,229.137,144.14,0,1434.51,0,0,389.653,934.624
1,386,72,72,164.942,186.197,19.262,0,796.755,0,0,146.61,683.37
1,386,73,73,95.8643,22.7583,157.023,0,1070.03,0,0,979.028,1460.18
1,386,74,74,100.912,58.7319,38.6081,0,774.841,0,0,311.83,682.568
1,386,76,76,136.191,91.7028,22.061,0,710.779,0,0,142.837,580.7
1,386,77,77,127.868,69.2459,14.8271,0,585.646,0,0,400.296,658.248
1,386,78,78,212.25,102.288,153.182,0,1008.71,0,0,181.469,533.136
1,386,79,79,103.45,29.9186,102.185,0,594.188,0,0,545.262,640.729
1,386,80,80,89.5617,151.233,21.5286,0,702.252,0,0,131.116,690.429
1,386,81,81,104.617,24.8352,125.66,0,1051.58,0,0,977.004,1331.82
1,386,82,82,158.383,141.465,18.2169,0,612.9,0,0,55.8957,553.67
1,386,84,84,99.9233,50.3056,94.1365,0,915.156,0,0,294.465,767.901
1,386,85,85,113.614,33.3019,110.352,0,878.105,0,0,647.58,944.176
1,386,86,86,106.669,40.8894,41.1889,0,648.882,0,0,525.085,569.213
1,386,87,87,83.2588,40.9494,49.3134,0,567.006,0,0,669.67,840.19
1,386,88,88,91.0391,21.8863,69.9525,0,1145.36,0,0,1133.89,1226.79
1,386,89,89,138.939,69.2103,33.7768,0,603.349,0,0,436.671,839.722
1,386,90,90,126.259,86.9085,5.55672,0,637.614,0,0,209.434,548.483
1,386,91,91,198.53,216.529,115.965,0,1035.17,0,0,168.629,667.28
1,386,92,92,103.664,32.87,105.306,0,764.845,0,0,484.699,807.948
1,386,93,93,107.595,25.4487,110.541,0,958.425,0,0,1283.26,1431.57
1,386,94,94,103.549,61.1353,27.4574,0,749.783,0,0,216.019,676.132
1,386,95,95,114.58,77.9596,66.6671,0,480.038,0,0,228.018,777.013
1,386,96,96,207.356,219.622,141.592,0,1135.71,0,0,146.31,819.124
1,386,97,97,144.934,54.3396,180.527,0,821.85,0,0,442.013,1172.93
1,386,98,98,120.004,62.9779,81.2332,0,776.212,0,0,232.637,666.101
1,386,99,99,92.4917,65.1297,156.64,0,758.303,0,0,176.931,998.406
1,386,100,100,114.485,35.8344,68.5344,0,983.687,0,0,939.726,1007.64
1,386,101,101,114.226,108.83,5.99583,0,564.438,0,0,107.318,510.771
1,386,102,102,115.649,93.6097,15.8935,0,726.946,0,0,128.941,653.834
1,386,104,104,268.702,266.365,164.696,0,1260.02,0,0,360.168,920.413
1,386,106,106,110.393,142.704,7.75719,0,745.07,0,0,117.537,616.513
1,386,107,107,163.874,134.222,37.2724,0,684.567,0,0,122.522,541.868
1,386,108,108,127.861,131.068,16.6295,0,667.369,0,0,125.436,583.1
1,386,109,109,155.594,46.3042,74.5935,0,831.593,0,0,589.183,544.953
1,386,110,110,166.008,108.277,45.6438,0,676.422,0,0,81.8786,464.123
1,386,111,111,103.129,69.2092,39.2384,0,524.828,0,0,115.49,555.326
1,386,112,112,119.871,101.628,7.03889,0,469.695,0,0,183.424,574.118
1,386,113,113,132.774,69.7018,87.7518,0,698.398,0,0,137.369,545.223
1,386,114,114,100.133,21.6236,75.7049,0,899.639,0,0,1124.65,1123.85
1,386,115,115,138.041,61.5735,49.3734,0,782.631,0,0,343.233,482.699
1,386,116,116,145.101,47.1785,18.6611,0,730.053,0,0,1067.28,905.568
1,386,118,118,118.967,34.7918,73.8142,0,848.52,0,0,545.22,621.628
1,386,119,119,106.412,75.2933,24.2438,0,606.361,0,0,155.386,619.642
1,386,120,120,146.665,67.2384,100.901,0,692.668,0,0,267.821,577.127
1,386,122,122,101.143,87.8886,8.93897,0,622.42,0,0,77.844,523.394
1,386,123,123,174.461,144.333,70.1306,0,687.867,0,0,104.694,559.289
1,386,124,124,78.5303,64.5337,42.3904,0,765.595,0,0,190.022,745.533
1,386,125,125,93.2759,30.8917,118.326,0,1013.15,0,0,830.332,1178.58
1,386,127,127,85.9294,42.2348,88.4167,0,582.994,0,0,374.351,624.521
1,386,128,128,200.726,120.429,14.2774,0,753.693,0,0,61.7575,551.864
1,386,129,129,141.368,79.4974,21.9974,0,747.275,0,0,221.957,485.794
1,386,130,130,122.93,74.4355,67.0684,0,646.64,0,0,237.359,645.432
1,386,131,131,95.713,32.5066,108.421,0,782.209,0,0,629.765,892.199
1,386,132,132,239.284,146.536,152.878,0,895.735,0,0,118.206,544.358
1,386,133,133,234.386,198.095,144.083,0,982.433,0,0,79.7555,655.61
1,386,134,134,100.354,84.8683,34.6551,0,580.601,0,0,136.322,747.346
1,386,135,135,118.953,22.8275,192.58,0,1093.94,0,0,1187.98,1368.46
1,386,136,136,96.6182,24.2961,77.5851,0,998.73,0,0,1037.53,1019.5
1,386,137,137,75.6422,28.0958,59.2862,0,962.833,0,0,580.128,996.127
1,386,139,139,88.592,34.4627,81.6079,0,851.504,0,0,371.626,814.545
1,386,140,140,181.756,159.812,102.412,0,882.267,0,0,30.3935,572.34
1,386,141,141,120.987,45.8498,77.8673,0,715.374,0,0,483.069,804.069
1,386,142,142,117.469,36.1927,142.95,0,1027.5,0,0,954.924,1357.45
1,386,143,143,170.274,128.653,24.2446,0,594.825,0,0,133.571,630.557
1,386,145,145,171.237,110.885,56.5161,0,878.222,0,0,135.394,571.765
1,386,146,146,138.367,89.7013,7.36373,0,868.939,0,0,135.239,572.113
1,386,147,147,102.982,27.025,124.136,0,877.559,0,0,1006.58,1036.96
1,386,148,148,111.353,60.84,25.7471,0,890.647,0,0,497.007,782.141
1,386,149,149,101.72,48.1043,16.977,0,748.889,0,0,646.954,800.358
1,386,150,150,111.643,19.7116,223.824,0,1164.14,0,0,2366.37,2028.94
1,386,151,151,88.6235,87.2941,30.9112,0,590.976,0,0,103.292,568.912
1,386,152,152,115.264,89.1139,8.48594,0,791.702,0,0,57.623,539.651
1,386,153,153,97.6733,34.7907,60.2426,0,617.187,0,0,857.963,749.793
1,386,154,154,139.855,155.96,14.629,0,596.814,0,0,67.5301,607.755
1,386,155,155,105.428,39.4631,80.3824,0,857.599,0,0,287.993,677.535
1,386,156,156,199.424,93.6671,108.039,0,1147.17,0,0,101.168,689.913
1,386,157,157,93.126,44.4913,161.233,0,728.941,0,0,508.669,970.832
1,386,158,158,119.085,63.764,7.86112,0,812.123,0,0,332.944,641.952
1,386,159,159,101.742,23.2208,207.019,0,994.027,0,0,864.144,1066.33
1,386,162,162,370.107,226.166,482.398,0,1608.88,0,0,160.861,928.34
1,386,164,164,239.274,162.618,187.777,0,1316.16,0,0,139.491,709.156
1,386,165,165,103.596,28.6918,261.205,0,1375.96,0,0,1268.95,2220.3
1,386,166,166,93.475,19.7061,197.839,0,1344.1,0,0,1041.26,1387.57
1,386,167,167,98.9856,15.8214,201.606,0,1280.2,0,0,1656.4,1753.68
1,386,168,168,250.234,192.188,148.11,0,1219.55,0,0,103.583,645.991
1,386,169,169,225.894,182.85,74.745,0,706.317,0,0,54.6805,438.812
1,386,170,170,113.484,86.3585,31.4935,0,485.978,0,0,133.394,603.896
1,386,171,171,163.051,78.7884,69.2928,0,929.244,0,0,246.783,526.957
1,386,172,172,92.1443,32.6568,155.584,0,1012.35,0,0,413.252,908.234
1,386,173,173,92.1485,22.022,173.994,0,804.773,0,0,937.874,1176.91
1,386,174,174,114.713,50.3028,5.10167,0,615.362,0,0,383.478,514.809
1,386,175,175,158.99,121.347,23.2586,0,832.363,0,0,88.7142,616.058
1,386,176,176,107.221,64.7502,38.7444,0,542.947,0,0,230.22,576.556
1,386,177,177,98.8336,45.1877,105.846,0,589.248,0,0,476.526,881.248
1,386,178,178,108.28,39.2566,95.1171,0,1167.49,0,0,627.127,1060.22
1,386,179,179,109.336,72.5119,77.5346,0,675.636,0,0,243.653,809.385
1,386,180,180,103.005,36.1933,100.943,0,618.952,0,0,540.089,864.328
1,386,181,181,113.582,15.8784,129.355,0,1269.12,0,0,1949.42,1442.54
1,386,184,184,129.644,77.8836,40.3749,0,694.913,0,0,139.44,411.013
1,386,185,185,171.349,102.509,60.7333,0,634.363,0,0,131.744,468.434
1,386,186,186,263.738,142.291,195.224,0,962.038,0,0,141.826,613.796
1,386,187,187,138.069,115.126,3.21178,0,749.468,0,0,76.9109,491.629
1,386,188,188,222.809,259.775,122.275,0,1130.29,0,0,436.432,838.127
1,386,189,189,127.951,91.1884,3.47979,0,578.308,0,0,144.07,476.342
1,386,190,190,180.543,160.593,51.075,0,774.021,0,0,52.116,655.405
1,386,192,192,130.58,59.142,76.2384,0,634.345,0,0,294.175,605.206
1,386,193,193,196.967,198.118,103.772,0,660.195,0,0,57.7682,537.517
1,386,194,194,90.2047,44.5962,107.425,0,771.804,0,0,516.714,841.885
1,386,195,195,162.292,100.352,15.8982,0,666.243,0,0,413.473,769.819
1,386,196,196,109.338,46.7792,30.9196,0,968.969,0,0,371.046,780.442
1,386,197,197,115.462,101.161,10.123,0,508.252,0,0,138.759,564.611
1,386,198,198,97.5095,20.0908,155.572,0,797.296,0,0,870.654,1017.19
1,386,base,base,95.2726,46.1812,70.5203,0,663.605,0,0,471.548,823.732
2,591,0,0,99.8692,78.439,23.3726,0,426.901,0,0,110.964,383.753
2,591,1,1,86.1921,77.6816,19.7379,0,496.449,0,0,72.284,378.938
2,591,2,2,110.792,89.5251,28.4225,0,443.468,0,0,64.4136,400.908
2,591,3,3,113.834,97.2578,4.49779,0,473.674,0,0,28.3017,350.551
2,591,4,4,103.447,83.5425,20.8577,0,465.512,0,0,64.4786,359.444
2,591,5,5,131.613,138.726,10.3729,0,592.05,0,0,34.6673,413.137
2,591,6,6,115.05,116.805,2.30708,0,529.766,0,0,18.8538,377.025
2,591,7,7,130.315,138.395,3.27203,0,602.713,0,0,30.0093,385.598
2,591,8,8,81.9747,68.9913,48.5216,0,502.698,0,0,96.662,423.528
2,591,9,9,124.702,128.257,5.605,0,680.304,0,0,23.2446,455.64
2,591,10,10,104.379,89.2295,13.8916,0,464.494,0,0,45.92,370.196
2,591,11,11,103.688,97.0322,4.84219,0,501.527,0,0,36.9986,384.991
2,591,12,12,89.9252,54.468,56.3143,0,499.145,0,0,198.959,493.406
2,591,13,13,91.4371,80.4688,16.9307,0,519.108,0,0,78.8095,399.893
2,591,14,14,95.7949,67.9737,39.6517,0,513.016,0,0,171.551,474.434
2,591,17,17,92.4784,60.7786,62.1316,0,482.619,0,0,155.455,451.171
2,591,18,18,131.527,146.036,16.8787,0,780.772,0,0,46.0425,501.952
2,591,19,19,91.5904,48.8599,86.0214,0,506.106,0,0,265.095,615.049
2,591,21,21,99.2339,77.3333,30.0706,0,422.349,0,0,92.9776,386.005
2,591,22,22,104.487,106.526,5.93475,0,454.516,0,0,28.756,426.064
2,591,23,23,96.5293,67.443,40.2853,0,447.23,0,0,127.31,409.793
2,591,25,25,106.063,90.7686,19.8955,0,455.928,0,0,43.3787,404.357
2,591,26,26,91.8487,61.6819,54.6509,0,486.524,0,0,186.288,536.731
2,591,27,27,128.53,112.098,2.61371,0,489.569,0,0,21.9759,374.685
2,591,28,28,89.9582,80.8936,18.1017,0,459.45,0,0,66.8489,383.8
2,591,29,29,79.0525,47.9465,91.9804,0,584.353,0,0,247.689,585.738
2,591,30,30,130.211,118.206,5.02374,0,514.264,0,0,15.4322,367.185
2,591,31,31,150.403,128.513,8.66584,0,593.402,0,0,23.1824,369.066
2,591,32,32,122.425,93.1565,14.9205,0,564.429,0,0,37.9742,347.867
2,591,33,33,87.1407,72.8238,34.8579,0,473.354,0,0,141.187,459.279
2,591,34,34,106.574,100.96,8.55653,0,514.688,0,0,29.7386,335.434
2,591,35,35,129.011,136.899,3.87403,0,620.202,0,0,40.9679,470.029
2,591,36,36,124.794,55.3441,56.8121,0,412.232,0,0,240.894,517.491
2,591,37,37,124.847,85.8307,3.29135,0,509.106,0,0,64.31,365.121
2,591,38,38,130.594,140.461,7.22526,0,637.463,0,0,35.2878,447.387
2,591,39,39,83.0924,60.9117,82.6529,0,446.491,0,0,111.135,453.543
2,591,40,40,95.1405,74.2857,26.9864,0,432.272,0,0,103.636,411.552
2,591,41,41,89.0535,84.6004,27.4525,0,445.516,0,0,46.487,352.393
2,591,43,43,98.9045,99.1998,3.52763,0,513.895,0,0,60.8997,385.268
2,591,44,44,140.185,151.297,20.1382,0,671.744,0,0,33.2072,477.568
2,591,46,46,100.408,80.6592,30.5585,0,483.365,0,0,110.178,405.021
2,591,48,48,84.8844,58.4731,75.8081,0,409.236,0,0,136.776,436.302
2,591,51,51,136.031,146.537,6.80377,0,616.65,0,0,36.6581,432.365
2,591,52,52,101.016,16.4214,225.927,0,1015.52,0,0,790.935,1147.26
2,591,53,53,83.3716,41.0252,102.575,0,646.121,0,0,358.388,638.614
2,591,54,54,110.957,100.16,8.16843,0,451.765,0,0,46.188,381.102
2,591,55,55,101.358,81.6035,13.9842,0,510.713,0,0,63.8536,346.526
2,591,56,56,91.6409,87.1293,11.9713,0,445.628,0,0,59.67,365.931
2,591,57,57,99.0686,63.3656,22.1787,0,544.333,0,0,193.335,431.41
2,591,58,58,92.8711,76.9285,42.407,0,450.482,0,0,87.6716,424.688
2,591,60,60,88.9808,84.7261,22.7741,0,439.947,0,0,75.1759,424.007
2,591,61,61,99.9522,103.967,10.2373,0,486.229,0,0,15.2478,370.805
2,591,62,62,125.121,132.41,3.54994,0,621.283,0,0,26.844,402.302
2,591,63,63,119.706,120.528,6.94455,0,721.302,0,0,28.2873,411.841
2,591,64,64,84.856,73.4801,36.0428,0,499.82,0,0,94.3111,433.249
2,591,65,65,93.3211,50.8775,70.6885,0,533.309,0,0,308.056,532.61
2,591,66,66,106.41,89.5283,9.40269,0,454.29,0,0,64.4898,381.394
2,591,67,67,126.698,126.212,2.86115,0,545.383,0,0,15.8167,415.119
2,591,69,69,121.836,108.957,2.96688,0,481.338,0,0,23.1006,369.16
2,591,71,71,97.8292,42.408,121.553,0,677.392,0,0,261.674,594.075
2,591,72,72,101.634,83.1844,32.4764,0,429.218,0,0,55.8191,405.086
2,591,73,73,122.674,131.961,7.70961,0,647.007,0,0,28.7136,377.623
2,591,74,74,126.03,116.76,5.11797,0,545.01,0,0,21.9837,360.627
2,591,76,76,91.0202,73.3514,45.4639,0,519.578,0,0,95.2774,428.02
2,591,77,77,106.774,80.8607,20.4102,0,476.182,0,0,133.215,442.968
2,591,78,78,81.9041,56.3568,61.0498,0,652.894,0,0,241.947,578.518
2,591,79,79,101.596,76.2058,23.1374,0,476.233,0,0,58.1653,365.263
2,591,80,80,85.0627,76.2696,42.3254,0,486.155,0,0,67.6982,388.935
2,591,81,81,124.771,131.13,3.34068,0,525.747,0,0,20.197,394.844
2,591,82,82,104.807,84.1005,17.1746,0,470.305,0,0,70.2127,374.017
2,591,84,84,125.337,129.329,24.7266,0,643.453,0,0,38.3371,367.698
2,591,85,85,101.265,86.6887,13.8229,0,464.516,0,0,65.4588,401.826
2,591,86,86,97.8669,94.4571,21.328,0,440.993,0,0,23.7768,361.485
2,591,87,87,86.2596,91.6802,19.3819,0,412.433,0,0,41.6751,385.005
2,591,88,88,110.523,107.062,3.06297,0,540.369,0,0,16.9885,353.583
2,591,89,89,108.285,87.1937,9.33737,0,420.519,0,0,77.5169,392.798
2,591,90,90,91.0864,81.7487,24.94,0,457.044,0,0,98.6957,413.897
2,591,91,91,84.992,39.6388,115.965,0,810.855,0,0,524.858,881.123
2,591,92,92,104.453,88.1757,5.58324,0,538.971,0,0,30.8994,358.223
2,591,93,93,105.163,97.3408,4.95986,0,447.024,0,0,55.5426,403.661
2,591,94,94,98.7318,75.4599,23.2809,0,491.026,0,0,76.7847,401.665
2,591,95,95,100.342,87.9296,19.311,0,445.784,0,0,64.5127,397.209
2,591,96,96,130.667,139.304,6.23336,0,674.079,0,0,24.6625,499.61
2,591,97,97,156.39,120.919,4.99749,0,483.395,0,0,18.3161,392.836
2,591,98,98,91.6422,87.647,26.3952,0,436.003,0,0,50.2946,408.322
2,591,99,99,90.6017,87.6035,22.1543,0,477.658,0,0,39.3095,381.658
2,591,100,100,125.103,121.705,3.42782,0,457.75,0,0,10.444,365.744
2,591,101,101,111.8,97.5233,6.31671,0,467.429,0,0,43.409,350.456
2,591,102,102,106.37,87.7728,16.0686,0,501.052,0,0,70.267,402.598
2,591,104,104,154.406,144.98,7.68119,0,635.406,0,0,36.4304,461.26
2,591,106,106,97.9571,87.406,10.4796,0,497.024,0,0,76.1635,372.753
2,591,107,107,117.836,121.387,2.71809,0,517.177,0,0,19.5994,370.757
2,591,108,108,99.5559,77.7324,46.9997,0,435.435,0,0,106.335,446.921
2,591,109,109,95.1159,62.9134,40.4728,0,509.558,0,0,140.719,431.35
2,591,110,110,100.149,75.562,32.8285,0,468.357,0,0,95.8887,373.802
2,591,111,111,92.9259,67.3773,40.3173,0,461.784,0,0,80.9958,409.712
2,591,112,112,102.962,95.7947,11.6363,0,402.61,0,0,61.7249,375.674
2,591,113,113,96.7511,70.9513,31.3597,0,467.231,0,0,71.1053,401.791
2,591,114,114,118.37,109.523,2.8928,0,501.442,0,0,17.5842,352.286
2,591,115,115,98.02,70.485,33.9527,0,466.721,0,0,140.863,399.816
2,591,116,116,120.331,95.177,6.51675,0,474.042,0,0,78.0132,390.516
2,591,118,118,94.3572,70.9545,16.9298,0,517.881,0,0,91.069,343.179
2,591,119,119,90.5971,86.0718,21.4779,0,451.852,0,0,37.7698,378.557
2,591,120,120,110.831,106.377,12.4104,0,488.403,0,0,38.6802,364.594
2,591,122,122,90.0621,76.0258,12.9491,0,482.925,0,0,65.4936,357.491
2,591,123,123,97.7911,87.9723,24.7504,0,462.975,0,0,88.9003,419.983
2,591,124,124,95.8421,90.8461,5.34645,0,494.111,0,0,38.1976,366.463
2,591,125,125,128.979,135.343,10.2577,0,592.557,0,0,30.8033,395.121
2,591,127,127,91.9508,89.5311,9.63472,0,447.812,0,0,31.6922,332.99
2,591,128,128,119.193,77.2395,27.6293,0,449.239,0,0,47.3922,345.789
2,591,129,129,104.309,78.265,23.6779,0,411.517,0,0,102.601,395.458
2,591,130,130,113.133,96.7776,17.5514,0,488.389,0,0,50.0154,396.273
2,591,131,131,104.324,109.274,2.31192,0,527.402,0,0,24.7939,376.167
2,591,132,132,114.691,100.212,5.11585,0,445.162,0,0,59.5811,364.253
2,591,133,133,136.534,136.744,8.53962,0,637.088,0,0,20.6792,423.015
2,591,134,134,94.8213,94.3282,8.14197,0,452.412,0,0,37.6478,422.232
2,591,135,135,134.26,137.519,7.10741,0,611.823,0,0,32.9389,429.698
2,591,136,136,119.712,116.201,7.87615,0,581.434,0,0,24.43,379.948
2,591,137,137,106.529,116.016,3.08557,0,590.939,0,0,17.2848,353.364
2,591,139,139,98.2694,77.8854,19.3767,0,520.634,0,0,60.2159,344.869
2,591,140,140,82.8195,30.5109,133.49,0,939.3,0,0,717.464,1049.79
2,591,141,141,106.603,80.8948,23.927,0,496.217,0,0,70.2818,384.501
2,591,142,142,123.005,111.745,3.44446,0,498.998,0,0,16.8004,367.198
2,591,143,143,132.326,134.854,3.76683,0,518.321,0,0,16.2794,370.242
2,591,145,145,91.4352,57.1983,75.3123,0,490.647,0,0,201.844,506.943
2,591,146,146,101.301,67.2927,28.2299,0,485.913,0,0,114.67,387.23
2,591,147,147,127.559,113.919,5.72029,0,555.38,0,0,27.9122,393.513
2,591,148,148,103.574,99.7473,6.63742,0,544.819,0,0,51.103,356.392
2,591,149,149,106.429,99.3944,8.41098,0,492.408,0,0,47.7465,351.563
2,591,150,150,117.749,132.831,3.49922,0,595.718,0,0,29.3618,409.009
2,591,151,151,89.2981,73.0544,20.98,0,455.772,0,0,109.808,382.56
2,591,152,152,84.1663,56.6502,46.5812,0,503.614,0,0,143.403,427.48
2,591,153,153,92.7512,88.3812,16.7004,0,446.163,0,0,59.2271,385.76
2,591,154,154,97.2539,77.5026,19.7168,0,439.756,0,0,100.938,387.197
2,591,155,155,101.962,86.4273,26.451,0,467.62,0,0,32.2526,383.58
2,591,156,156,85.568,51.1385,66.3395,0,562.536,0,0,177.852,457.839
2,591,157,157,114.19,107.528,7.60311,0,520.151,0,0,23.0157,364.21
2,591,158,158,95.3428,79.4958,18.242,0,512.313,0,0,88.5088,406.946
2,591,159,159,131.458,136.875,4.83906,0,586.711,0,0,30.5755,382.174
2,591,162,162,99.9832,89.6596,7.62979,0,503.837,0,0,79.6964,388.723
2,591,164,164,78.0079,36.6523,101.439,0,743.245,0,0,444.167,704.057
2,591,165,165,124.804,111.676,6.0262,0,502.239,0,0,39.5899,392.263
2,591,166,166,115.973,116.904,10.4565,0,558.22,0,0,21.2683,386.455
2,591,167,167,132.008,132.627,3.93524,0,581.671,0,0,22.646,406.113
2,591,168,168,124.559,125.411,3.0459,0,591.372,0,0,26.2836,374.86
2,591,169,169,93.3837,72.6583,32.0038,0,433.251,0,0,134.782,409.442
2,591,170,170,94.2258,63.8052,39.7895,0,446.322,0,0,140.547,442.705
2,591,171,171,93.2113,71.7285,31.2635,0,494.971,0,0,167.539,481.332
2,591,172,172,131.017,133.241,19.8082,0,729.238,0,0,34.7918,391.261
2,591,173,173,112.671,106.088,3.21956,0,538.728,0,0,17.9924,345.533
2,591,174,174,94.3076,83.494,26.7673,0,433.224,0,0,50.9283,369.865
2,591,175,175,88.3126,48.0769,92.3628,0,541.933,0,0,216.483,535.921
2,591,176,176,101.208,75.9242,19.8761,0,434.257,0,0,90.095,370.408
2,591,177,177,104.139,100.277,9.70486,0,466.497,0,0,34.6043,364.781
2,591,178,178,136.468,109.661,8.77354,0,543.6,0,0,38.628,364.917
2,591,179,179,90.5979,89.6848,20.2931,0,434.569,0,0,54.0865,410.307
2,591,180,180,100.351,89.1166,21.6635,0,448.042,0,0,35.5572,363.437
2,591,181,181,108.781,123.412,4.83275,0,502.227,0,0,17.6366,381.644
2,591,184,184,120.869,106.522,6.53031,0,540.881,0,0,29.0831,334.831
2,591,185,185,93.2359,61.1102,47.0914,0,469.785,0,0,182.318,456.071
2,591,186,186,115.94,117.218,1.96479,0,494.579,0,0,18.031,412.816
2,591,187,187,94.394,46.1952,88.8503,0,692.185,0,0,341.528,630.814
2,591,188,188,104.434,95.4057,22.9803,0,439.02,0,0,43.0972,388.979
2,591,189,189,92.9051,67.2931,51.9683,0,523.24,0,0,219.741,495.825
2,591,190,190,140.359,115.405,8.57554,0,551.902,0,0,24.4991,452.227
2,591,192,192,102.314,62.0666,53.2735,0,494.452,0,0,164.155,483.469
2,591,193,193,98.6102,96.0567,14.5063,0,402.673,0,0,75.5404,405.323
2,591,194,194,118.322,115.712,3.9837,0,567.457,0,0,20.7342,360.714
2,591,195,195,149.431,148.152,10.6069,0,670.345,0,0,25.0529,427.835
2,591,196,196,118.763,116.364,2.8891,0,558.992,0,0,17.1778,366.098
2,591,197,197,96.5608,81.6584,17.9232,0,443.269,0,0,81.8728,363.301
2,591,198,198,101.819,96.1368,8.93443,0,494.513,0,0,33.857,374.078
2,591,base,base,102.508,94.7842,8.87694,0,472.967,0,0,35.2856,357.064
